24,1704.03
25,1518.69
26,1565.67
27,1589.6
28,1565.14
29,1725.77
30,1666.82
31,1619.78
32,1712.82
33,1724.85
34,1588.89
35,1604.12
36,1612.18
37,1697.29
38,1633.02
39,1705.93
40,1603.18
41,1621.69
42,1693.16
43,1589.43
44,1610.41
45,1716.3
46,1660.2
47,1568.19
48,1527.16
49,1476.75
50,1567.48
51,1647.81
52,1510.87
53,1761.34
54,1503.98
55,1542.4
56,1663.51
57,1615.91
58,1661.85
59,1647.99
60,1521
61,1507.51
62,1740.11
63,1513.54
64,1672.5
65,1513.49
66,1589.04
67,1637.24
68,1604.81
69,1577.41
70,1574.41
71,1614.31
72,1651.66
73,1559.99
74,1549.44
75,1583.77
76,1551.37
77,1568.53
78,1564.02
79,1591.43
80,1702.88
81,1536.5
82,1617.17
83,1596.31
84,1565.05
85,1523.79
86,1534.37
87,1536.8
88,1657.15
89,1563.54
91,1564.42
92,1558.78
93,1689.46
94,1522.63
95,1605.02
96,1702.52
97,1636.39
98,1633.18
99,1564.21
100,1615.35
101,1629.08
102,1540.27
103,1603.88
104,1565.69
105,1527.85
106,1590.1
107,1571.47
108,1518.31
109,1567.96
110,1535.15
111,1599.55
112,1594.51
113,1573.51
114,1580.91
115,1590.58
116,1586.56
117,1611.97
118,1587.55
119,1574.08
120,1628.87
121,1608.88
122,1585.06
123,1605.79
124,1539.26
125,1565.64
126,1550.23
127,1543.72
128,1599.79
129,1556.36
130,1554.37
131,1565.87
132,1546.34
133,1602.22
134,1544.6
135,1552.19
136,1599.16
137,1537.99
138,1589.77
139,1579.25
140,1531.84
141,1574.87
142,1522.31
143,1566.04
144,1598.22
145,1556.22
146,1545.59
147,1572.43
148,1540.67
149,1581.97
150,1564.85
151,1520.12
152,1569.03
153,1542.34
154,1564.02
155,1598.83
156,1578.07
157,1576.19
158,1558.2
159,1548.25
160,1602.86
161,1560.76
162,1590.28
163,1605.58
164,1567.75
165,1578.31
166,1553.71
167,1567.39
168,1570.66
169,1541.2
170,1551.41
171,1582.15
172,1562.35
173,1565.34
174,1532.23
175,1571.13
176,1560.64
177,1604.56
178,1590.6
179,1596.41
180,1592.06
181,1605.57
182,1577.05
183,1598.63
184,1606.93
185,1585.54
186,1571.77
187,1567.66
188,1607.19
189,1578.2
190,1541.11
191,1541.92
192,1536.2
193,1529.06
194,78.5163
195,1554.97
196,1625.91
197,1616.25
198,1516.36
199,1624.17
200,1553.63
201,1593.37
202,1599.49
203,1648.13
204,1592.77
205,1644.12
206,1527.29
207,1567.48
208,1547.19
209,1522.54
210,1566.67
211,1570.01
212,1544.76
213,1513.91
214,1517.1
215,1565.68
216,1554.26
217,1502.7
218,1550.45
219,1626.56
220,1549.24
221,1548.32
222,1525.68
223,1534.37
224,1538.46
225,1579.65
226,1518.35
227,1731.96
228,1616.28
229,1588.25
230,1515.63
231,1565.08
232,1525.1
233,1534.22
234,1597.9
235,1613.41
236,1612.23
237,1474.74
238,1566.27
239,1493.02
240,1602.46
241,1639.83
242,1605.76
243,1609.21
244,1508.98
245,1689.01
246,1496.03
247,1583.92
248,1632.56
249,1518.61
250,1511.65
251,1531.05
252,1518.65
253,1600.84
254,1724.55
255,1575.14
256,1603.81
257,1677.46
258,1709.29
259,1586.03
260,1686.55
261,1687.74
262,1672.46
263,1534.53
264,1593.78
265,1683.18
266,1507.25
267,1578.22
268,1560.64
269,1575.82
270,1700.84
271,1541.38
272,1555.31
273,1533.41
274,1570.44
275,1707.59
325,1557.93
326,1797.72
327,1604.65
328,1583.2
329,1553.97
330,1666.07
331,1686.92
332,1557.17
333,1650.23
334,1578.33
335,1524.98
336,1612.94
337,1752.43
338,1486.33
339,1641.24
340,1491.64
341,1685.72
342,1742.37
343,1675.86
344,1525.37
345,1635.49
346,1595.4
347,1624.06
348,1557.04
349,1684.25
350,1504.67
351,1510.4
352,1550.79
353,1621.01
354,1583.81
355,1645.92
356,1584.12
357,1553.41
358,1571.78
359,1717.21
360,1586.32
361,1589.31
362,1567.7
363,1615.54
364,1634.08
365,1572.02
366,1610.96
367,1522.52
368,1557.41
369,1558.26
370,1607.41
371,1533.13
372,1625.36
373,1531.98
374,1546.55
375,1622.84
376,1561.74
377,1644.17
378,1592.27
379,1585.42
380,1620.12
381,1575.34
382,1609.36
383,1579.48
384,1600.4
385,1587.75
386,1607.52
387,1646.65
388,1606.42
389,1605.92
390,1624.61
391,1583.46
392,1589.73
393,1657.85
394,1566.84
395,1607.44
396,1621.75
397,1604.71
398,1601.6
399,1571.54
400,1592.56
401,1611.55
402,1579.71
403,1611.08
404,1601.36
405,1533.77
406,1534.77
407,1549.43
408,1598.07
409,1727.28
410,1555.57
411,1587.77
412,1577.61
413,1529.29
414,1561.79
415,1529.22
416,1570.24
417,1592.71
418,1587.67
419,1582.55
420,1594.97
421,1556.93
422,1556.56
423,1559.59
424,1565.78
425,1617.32
426,1557.55
427,1586.59
428,1592.89
429,1562.34
430,1597.31
431,1721.61
432,1556.93
433,1593.61
434,1539.94
435,1565.19
436,1609.47
437,1559.88
438,1577.23
439,1509.48
440,1628.25
441,1566.53
442,1542.93
443,1564.31
444,1605.01
445,1565.26
446,1589.96
447,1554.02
448,1584.13
449,1622.16
450,1567.35
451,1586.86
452,1678.56
453,1642.91
454,1576.73
455,1524.81
456,1552.5
457,1576.45
458,1552.19
459,1550.68
460,1569.67
461,1566.46
462,1587.34
463,1585.25
464,1535.59
465,1599.13
466,1497.71
467,1584.95
468,1583.76
469,1533.23
470,1572.41
471,1502.71
472,1519.09
473,1550.94
474,1538.58
475,1587.37
476,1552.92
477,1560.1
478,1597.2
479,1519.82
480,1521.55
481,1591.22
482,1507.32
483,1612.39
484,1551.35
485,1589.29
486,1534.94
487,1573.98
488,1543.61
489,1593.8
490,1753.87
491,1651.24
492,1626.4
493,1594.79
494,1609.26
495,1768.47
496,1611.74
497,1643.28
498,1590.61
499,1613.16
500,1659.49
501,1547.98
502,1649.77
503,1592.09
504,1593.33
505,1608.52
506,1599.7
507,1623.46
508,1590.91
509,1556.03
510,1609.77
511,1578.35
512,1540.25
513,1644.83
514,1571.83
515,1590.35
516,1611.74
517,1543.91
518,1527.59
519,1599.86
520,1496.75
521,1626.17
522,1561.77
523,1539.88
524,1583.33
525,1527.44
526,1571.61
527,1500.03
528,1580.27
529,1600.34
530,1537.76
531,1682.98
532,1562.01
533,1512.75
534,1568.3
535,1764.4
536,1636.79
537,1554.84
538,1559.96
539,1569.27
540,1569.71
541,1540.13
542,1766.43
543,1509.99
544,1703.45
545,1630.22
546,1501.69
547,1588.13
548,1537.09
549,1517.71
550,1655.09
551,1726.62
552,1712.39
553,1527.87
554,1524.86
555,1673.93
556,1862.71
557,1612.78
558,1601.72
559,1600.26
560,1638.63
561,1584.73
562,1676.08
563,1648.61
564,1575.42
565,1635.77
566,1763.71
567,1510.92
568,1557.54
620,1613.89
621,1645.99
622,1575.13
623,1603.34
624,1539.82
625,1492.96
626,1644.57
627,1531.95
628,1541.85
629,1553.42
630,1509.06
631,1583.3
632,1608.53
633,1612.42
634,1774.06
635,1586.72
636,1552.57
637,1617.09
638,1546.33
639,1517.16
640,1644.12
641,1533.79
642,1577.78
643,1627.54
644,1531.57
645,1585.63
646,1613
647,1551.77
648,1652.09
649,1614.23
650,1607.71
651,1619.91
652,1584.24
653,101.528
654,97.6026
655,1628.53
656,1677.19
657,1619.35
658,1561.13
659,1563.84
660,1532.96
661,1630.13
662,1574.35
663,1570.06
664,1590.47
665,1607.75
666,1632.46
667,1654.59
668,1558.41
669,1616.63
670,1558.97
671,1566.15
672,1633.28
673,1557.87
674,1632.89
675,1625.31
676,1578.11
677,1612.62
678,1599.16
679,1571.36
680,1659.03
681,1597.19
682,1614.16
683,1672.84
684,1609.59
685,1624.4
686,1595.51
687,1626.54
688,1654.77
689,1598.33
690,1660.07
691,1652.1
692,1616.08
693,1653.32
694,1627.79
695,1552.61
696,1659.59
697,1531.86
698,1628.4
699,1595.2
700,1600.31
701,1632.75
702,1563.69
703,1567.93
704,1602.37
705,1594.4
706,1626.66
707,1627.96
708,1583.2
709,1595.79
710,1583.03
711,1569.17
712,1612.76
713,1560.66
714,1615.47
715,1583.05
716,1558.53
717,1613.63
718,1589.25
719,1565.57
720,1627.74
721,1581.1
722,1591.08
723,1544.23
724,1560.21
725,1606.84
726,1521.2
727,1551.58
728,1642.63
729,1578.29
730,1608.34
731,1612.66
732,1556.97
733,1606.23
734,1583.62
735,1551.58
736,1620.92
737,1582.11
738,1614.89
739,1617.62
740,1573.37
741,1624.41
742,1593.05
743,1567.24
744,1618.98
745,1595.38
746,1612.42
747,1628.57
748,1558.66
749,1601.2
750,1545.46
751,1555.95
752,3200.4
753,1569.19
754,1568.46
755,1582.42
756,1542.44
757,1588.75
758,1521.14
759,1526.17
760,1584.93
761,1562.44
762,1562.66
763,1600.24
764,1524.47
765,1560.81
766,1642.18
767,1525.32
768,1633.32
769,1570.79
770,1611.42
771,1563.48
772,1642.49
773,1613.09
774,1523.59
775,1549.47
776,1636.12
777,1501.87
778,1571.57
779,1625.17
780,1530.69
781,1649.74
782,1597.96
783,1612.77
784,1615.32
785,1543.59
786,1642.07
787,1610.59
788,1771.08
789,1599.2
790,1619.3
791,1589.53
792,1663.82
793,1614.31
794,1642.41
795,1632.42
796,1583.65
797,1620.52
798,1560.88
799,1609.68
800,1643.21
801,1558.2
802,1618.41
803,1636.73
804,1592.88
805,1632.68
806,1572.53
807,1566.35
808,1647.57
809,1629.24
810,1627.83
811,1629.94
812,1573.31
813,1620.73
814,1593.53
815,1671.05
816,1772.51
817,1728.56
818,1590.18
819,1600.14
820,1587.86
821,1606.1
822,1687.41
823,1608.89
824,1593.84
825,1608.63
826,1611.14
827,1808.53
828,1535.32
829,1565.06
830,1578.11
831,1630.56
832,1611.36
833,1557.16
834,1568.64
835,1617.53
836,1537.54
837,1619.93
838,1535.1
839,1544.08
840,1570.38
841,1565.77
842,1749.17
843,1635.75
844,1624.44
845,1563.75
846,1487.42
847,1578.27
848,1544.44
849,1488.75
850,1706.97
851,1560.51
852,1634.14
853,1703.38
854,1588
855,1525.33
909,1606.73
910,1685.43
911,1580.13
912,1651.78
913,1637.77
914,1587.21
915,1647.91
916,1638.18
917,1605.98
918,1620.33
919,1617.23
920,1605.76
921,1598.41
922,1578.18
923,1636.96
924,1621.54
925,1608.94
926,1583.68
927,1573.13
928,1592.64
929,1619.4
930,1602.87
931,1624.59
932,1630.78
933,1594.29
934,1639.96
935,1656.24
936,1583.88
937,1647.29
938,1579.3
939,1603.06
940,1670.28
941,1596.68
943,1639.25
944,1569.43
945,1657.73
946,1586.94
947,1602.81
948,1644.12
949,1566.01
950,1620.49
951,1614.96
952,1639.08
953,1654.81
954,1620.75
955,1613.75
956,1641.08
957,1625.5
958,1657.9
959,1627.85
960,1602.57
961,1676.59
962,1650.39
963,1655.48
964,1640.89
965,1621.01
966,1657.38
967,1612.53
968,1640.28
969,1654.6
970,1618.06
971,1664.27
972,1657.7
973,1620
974,1607.99
975,1620.26
976,1612.59
977,1659.22
978,1533.86
979,1695.22
980,1556.9
981,1891.44
982,44.1723
983,1559.53
985,1570.2
986,1566.05
987,1626.25
988,1585.41
989,1497.47
990,1569.31
991,1574.97
992,1496.07
993,1621.1
994,1547.65
995,1598.11
996,1564.93
997,1503.27
998,1494.77
999,1525.57
1000,1531.86
1001,1595.49
1002,1526.33
1003,1582.86
1004,1550.35
1005,1517.57
1006,1493.99
1007,1557.18
1008,1598.1
1009,1637.85
1010,1581.66
1011,1599.43
1012,1643.34
1013,1599.88
1014,1644.56
1015,1582.03
1016,1594.54
1017,1615.79
1018,1586.57
1019,1594.8
1020,1619.86
1021,1570.19
1022,1609.63
1023,1592.56
1024,1568.05
1025,1621.02
1026,1711.17
1027,1629.68
1028,1607.7
1029,1590.32
1030,1628.27
1031,1586.09
1032,1573
1033,1540.5
1034,1566
1035,1596.11
1036,1602.85
1037,1554.3
1038,3152.52
1039,1567.15
1040,3104.18
1041,1556.15
1042,2989.82
1043,3164.14
1044,3300.86
1045,3130.81
1046,1528.94
1047,3073.76
1048,1545.47
1049,1572.61
1050,1624.69
1051,1629.99
1052,1635.52
1053,1509.65
1054,1561.33
1055,1521.53
1056,1524.04
1057,1571.91
1058,1520.22
1059,1611.25
1060,1525.78
1061,1579.16
1062,1569.95
1063,1509.12
1064,1551.14
1065,1708.61
1066,1537.33
1067,1620.06
1068,1655.58
1069,1589.05
1070,1631.4
1071,1603.8
1072,1573.13
1073,1637.58
1074,1622.95
1075,1652.33
1076,1640.12
1077,1614.9
1078,1618.57
1079,1627.22
1080,1544.41
1081,1618.79
1082,1603.71
1083,1604.29
1084,1617.35
1085,1576.25
1086,1592.55
1087,1571.37
1088,1563.62
1089,1562.95
1090,1600.51
1091,1618.91
1092,1609.35
1093,1592.78
1094,1628.11
1095,1578.77
1096,1589.08
1097,1604.77
1098,1569.62
1099,1604.35
1100,1599.05
1101,1577.93
1102,1606.68
1103,1586.98
1104,1593.49
1105,1611.35
1106,1593.12
1107,1573.49
1108,1769.15
1109,1566.46
1110,1647.83
1111,1605.72
1112,1576.96
1113,1620.98
1114,1609.07
1115,1622.46
1116,1597.34
1117,1578.51
1118,1605.72
1119,1600.45
1120,1603.39
1121,1618.16
1122,1577.94
1123,1612.14
1124,1607.32
1125,1570.69
1126,1684.17
1127,1582.39
1128,1563.71
1129,1589.15
1130,1556.53
1131,1805.92
1132,1589.09
1133,1626.72
1134,1609.04
1135,1544.63
1136,1765.72
1191,1587.49
1192,1624.73
1193,1603.08
1194,1594.56
1195,1611.82
1196,1609.05
1197,1602.32
1198,1608.42
1199,1561.58
1200,1614.73
1201,1593.66
1202,1573.25
1203,1617.76
1204,1593.35
1205,1676.59
1206,1635.59
1207,1582.94
1208,1737.64
1209,1616.28
1210,1626.63
1211,1670.18
1212,1633.59
1213,1664.15
1214,1644.02
1215,1645.6
1216,1674.57
1217,1630.99
1218,1629.7
1219,1712.07
1220,1638.3
1221,1632.46
1222,1644.16
1223,1628.44
1224,1794.54
1225,1639.57
1226,1630.56
1227,345.46
1228,1605.42
1229,1636.93
1230,1636.27
1231,1630.35
1232,1677.98
1233,1638.1
1234,1610.05
1235,1655.17
1236,1585.93
1237,1639.11
1238,1571.17
1239,1636.72
1240,1648.52
1241,1555.79
1242,1656.88
1243,1588.77
1244,1553.31
1245,1632.44
1246,1587.82
1247,1611.87
1248,1590.7
1249,1559.68
1250,1592.22
1251,1591.24
1252,1571.9
1253,1578.02
1254,1601.13
1255,1551.29
1256,1561.08
1257,1559.63
1258,1578.6
1259,1573.11
1260,1559.62
1261,1649.49
1262,1541.17
1263,1677.02
1264,1549.17
1265,1562.39
1266,1559.89
1267,1629.9
1268,1560.25
1269,1597.54
1270,1627.3
1271,1515.43
1272,1583.63
1273,1574.46
1274,1553.61
1275,1544.57
1276,1521.23
1277,1551.56
1278,1534.14
1279,1536.19
1280,1559.75
1281,1515.18
1282,1558.68
1283,1591.95
1284,1569.87
1285,1565.33
1286,1637.69
1287,1638.17
1288,1613.69
1289,1593.12
1290,1600.01
1291,1607.6
1292,1569.47
1293,1620.68
1294,1617.12
1295,1603.63
1296,1615.98
1297,1585.75
1298,1554.84
1299,1588.47
1300,1613.35
1301,1632.48
1302,1613.35
1303,1553.53
1304,1645.86
1305,1588.56
1306,1597.98
1307,1578.54
1308,1571.7
1309,1581.82
1310,1599.67
1311,1598.68
1312,1592.38
1313,1564.95
1314,1632.18
1315,1641.45
1316,1597.86
1317,1588.9
1318,1571.98
1319,1534.02
1320,1564.4
1321,1547.02
1322,3083.06
1323,1542.35
1324,3082.54
1325,3122.4
1326,3176.72
1327,3080.87
1328,3240.35
1329,3127.03
1330,1556.31
1331,3179.13
1332,1532.73
1333,1584.12
1334,1547.56
1335,1512.53
1336,1529.71
1337,1525.04
1338,1622.03
1339,1518.1
1340,1519.1
1341,1559.04
1342,1551.9
1343,1660.15
1344,1575.36
1345,1688.08
1346,1535.41
1347,1574.73
1348,1546.88
1349,1566.86
1350,1550.82
1351,1559.95
1352,1573.64
1353,1563.79
1354,1617.08
1355,1597.54
1356,1585.28
1357,1624.49
1358,1706.62
1359,1600.31
1360,1593.87
1361,1561.34
1362,1585.55
1363,1548.82
1364,1568.1
1365,1625.09
1366,1514.47
1367,1558.96
1368,1720.14
1369,1617.05
1370,1610.15
1371,1605.42
1372,1573.95
1373,1592.49
1374,1551.88
1375,1564.83
1376,1622.34
1377,1584.76
1378,1570.93
1379,1593.91
1380,1625.38
1381,1577.73
1382,1621.82
1383,1595.62
1384,1603.86
1385,1589.54
1386,1599.06
1387,1611.67
1388,1597.76
1389,1617.4
1390,1607.5
1391,1586.33
1392,1652.65
1393,1566.25
1394,1571.84
1395,1596.54
1396,1596.14
1397,1779.95
1398,1610.4
1399,1575.77
1400,1608.84
1401,1568.01
1402,1573.71
1403,1617.14
1404,1593.67
1405,1595.2
1406,1574.81
1407,1593.85
1408,1592.18
1409,1582.9
1410,1588.78
1466,1589.8
1467,1564.14
1468,1570.72
1469,1589.81
1470,1566.77
1471,1580
1472,1605.43
1473,1588.83
1474,1601.79
1475,1598.61
1476,1608.58
1477,1615.21
1478,1582.06
1479,1621.54
1480,1789.58
1481,1618.4
1482,1624.05
1483,1653.72
1484,1628.04
1485,1642.18
1486,1634.16
1487,1629.13
1488,1648.16
1489,1597.11
1490,1656.83
1491,1685.8
1492,1616.17
1493,1647.7
1494,1702.14
1495,1664.12
1496,1626.03
1497,1651.24
1498,1676.47
1499,1573.52
1500,1627.36
1501,1531.02
1502,1554.89
1503,1532.94
1504,1688.79
1505,1599.33
1506,1580.76
1507,1640.1
1508,1559.65
1509,1650.12
1510,1621.73
1511,1528.13
1512,1567.85
1513,1546.59
1514,1635.25
1515,1600.74
1516,1490.11
1517,1523.28
1518,1473.59
1519,1470.16
1520,1581.02
1521,1468.28
1522,1619.22
1523,1557.96
1524,1584.61
1525,1563.2
1526,1560.06
1527,1584.79
1528,1531.99
1529,1476.5
1530,1558.72
1531,1579.37
1532,1542.85
1533,1578.67
1534,1564.11
1535,1562.44
1536,1602.02
1537,1595.87
1538,1543.55
1539,1598.52
1540,1543.98
1541,1547.85
1542,1534.16
1543,1563.11
1544,1529.09
1545,1585.46
1546,1551.33
1547,1565.71
1548,1610.18
1549,1585.22
1550,1544.35
1551,1599.02
1552,1635.61
1553,1548.6
1554,1586.06
1555,1688.53
1556,1596.25
1557,1606.65
1558,1630.33
1559,1580.51
1560,1594.42
1561,1614.45
1562,1646.6
1563,1648.31
1564,1628.88
1565,1582.78
1566,1572.27
1567,1609.17
1568,1590.26
1569,1621.89
1570,1559.82
1571,1634.5
1572,1624.11
1573,1556.59
1574,1646.58
1575,1613.45
1576,1631.34
1577,1598.78
1578,1604.25
1579,1607.68
1580,1609.83
1581,1623.44
1582,1626.32
1583,1533.14
1584,1566.06
1585,1621.21
1586,1598.64
1587,1669.65
1588,1598.47
1589,1554.11
1590,1525.49
1591,1543.18
1592,1570.15
1593,1510.46
1594,1535.51
1595,1538.88
1596,1526.36
1597,3167.34
1598,1529.4
1599,3109.42
1600,3081.68
1601,3111.07
1602,3045.8
1603,1611.53
1604,3038.03
1605,1513.42
1606,1558.2
1607,1557.61
1608,1572.67
1609,1505.96
1610,1548.86
1611,1536.57
1612,1526.14
1613,1532.71
1614,1888.52
1615,1614.09
1616,1512.82
1617,1563.37
1618,1563.79
1619,1559.2
1620,1625.65
1621,1586.54
1622,1916.37
1623,2076.57
1624,1579.48
1625,2487.12
1626,1643.78
1627,1579.07
1628,2616.11
1629,1550.6
1630,2428.64
1631,1518.39
1632,1544.57
1633,1677.53
1634,1738.06
1635,1633.7
1636,1619.71
1637,1554.8
1638,1530.78
1639,1614.99
1640,1664.41
1641,1544.68
1642,1610.53
1643,1575.38
1644,1553.97
1645,1661
1646,1641.39
1647,1551.74
1648,1576
1649,1626.76
1650,1733.4
1651,1838.12
1652,1548.74
1653,1550.58
1654,1513.37
1655,1628.88
1656,1643.53
1657,1606.57
1658,1759.12
1659,1613.09
1660,1593.78
1661,1605.39
1662,1567
1663,1587.6
1664,1613.55
1665,1566.8
1666,1604.33
1667,1585.36
1668,1598.59
1669,1570.98
1670,1577.85
1671,1599.37
1672,1555.05
1673,1583.41
1674,1591.58
1675,1563.65
1676,1561.28
1677,1663.5
1735,1541.17
1736,1577.86
1737,1652.1
1738,1558.32
1739,1635.68
1740,1696.92
1741,1608.88
1742,1674.33
1743,1733.96
1744,1622.73
1745,1684.28
1746,1571.29
1747,1595.24
1748,1567.04
1749,1608.06
1750,1583.76
1751,1598.42
1752,1583.42
1753,1763.69
1754,1631.04
1755,1714.31
1756,1683.27
1757,1592.24
1758,1694.42
1759,1691.76
1760,1686.02
1761,1600.98
1762,1521.85
1763,1507.39
1764,1632.41
1765,1630.68
1766,1492.96
1767,1526.36
1768,1638.68
1769,1688.02
1770,1619.04
1771,1525.18
1772,1557.92
1773,1559.5
1774,1536.57
1775,1632.06
1776,1636.69
1777,1583.54
1778,1638.33
1779,1596.38
1780,1560.39
1781,1587.54
1782,1515.88
1783,1505.24
1784,1482.21
1785,1673.43
1786,1518.77
1787,1477.84
1788,1505.46
1789,1486.48
1790,1576.81
1791,1547.89
1792,1536.24
1793,1463.3
1794,1482.04
1795,1565.07
1796,1544.57
1797,1570.82
1798,1574.52
1799,1508.74
1800,1578.7
1801,1553.04
1802,1568.3
1803,1549.28
1804,1539.04
1805,1525.97
1806,1573.51
1807,1520.92
1808,1560.34
1809,1599.81
1810,1570.98
1811,1521.54
1812,1574.58
1813,1532.68
1814,1539.1
1815,1534.85
1816,1545.38
1817,1569.17
1818,1517.55
1819,1529.92
1820,1512.12
1821,1526.82
1822,1577.61
1823,1526.23
1824,1611.09
1825,1601.07
1826,1599.83
1827,1569.75
1828,1622.46
1829,1597.92
1830,1603.36
1831,1553.61
1832,1573.27
1833,1575.66
1834,1579.84
1835,1782.72
1836,1588.3
1837,1607.59
1838,1576.6
1839,1579.08
1840,1595.51
1841,1612.95
1842,1693.25
1843,1609.86
1844,1618.83
1845,1587.5
1846,1548.49
1847,1567.4
1848,1573.55
1849,1547.91
1850,1549.69
1851,1589.74
1852,1573.2
1853,1610.78
1854,1510.76
1855,1530.95
1856,1562.15
1857,1514.82
1858,1533.91
1859,1506.59
1860,1497.35
1861,1562.71
1862,1686.37
1863,1502.91
1864,1526.21
1865,1539.75
1866,3180.88
1867,1524.45
1868,3134.74
1869,1491.42
1870,3189.61
1871,3068.4
1872,1586.71
1873,1571.14
1874,1542.54
1875,1557.88
1876,3087.64
1877,1526.13
1878,1540.23
1879,1552.39
1880,2440.77
1881,1519.86
1882,1581.9
1883,1635.6
1884,1626.81
1885,2424.48
1886,2173.19
1887,1553.52
1888,2164.14
1889,1639.64
1890,2086.44
1891,1553.73
1892,1566.61
1893,2617.51
1894,1574.56
1895,1616.11
1896,1608.29
1897,1624.53
1898,1609.03
1899,1498.79
1900,1577.12
1901,1571.79
1902,1575.88
1903,1625.92
1904,1564.9
1905,1687.34
1906,1613.4
1907,1483.4
1908,1634.81
1909,1655.55
1910,1503.15
1911,1516.05
1912,1630.26
1913,1621.72
1914,1597.07
1915,1614.5
1916,1583.14
1917,1589.33
1918,1608.37
1919,1537.51
1920,1491.67
1921,1702.59
1922,1513.19
1923,1489.72
1924,1466.69
1925,1510.03
1926,1509.2
1927,1567.86
1928,1532.56
1929,1597.01
1930,1634.8
1931,1622.82
1932,1618.02
1933,1578.76
1934,1586.73
1935,1619.69
1936,1574.74
1937,1554.19
1938,1587.86
1998,1638.2
1999,1712.69
2000,1683.97
2001,1563.65
2002,1574.9
2003,1600.56
2004,1612.67
2005,1642.48
2006,1576.66
2007,1561.3
2008,1578.2
2009,1745.58
2010,1664.1
2011,1716.68
2012,1605.06
2013,1663.93
2014,1597.04
2015,1602.22
2016,1593.88
2017,1703.97
2018,1604.76
2019,1595.14
2020,1541.29
2021,1548
2022,1697.45
2023,1608.07
2024,1557.24
2025,1649.58
2026,1636.56
2027,1554.28
2028,1613.03
2029,1701.48
2030,1518.14
2031,1520.12
2032,1567.77
2033,1686.15
2034,1502.59
2035,1556.46
2036,1536.05
2037,1518.95
2038,1716.71
2039,1541.72
2040,1564.99
2041,1631.21
2042,1588.86
2043,1588.36
2044,1492.05
2045,1473.04
2046,1502.72
2047,1451.03
2048,1575.66
2049,1475.8
2050,1536.62
2051,1536.36
2052,1570.42
2053,1492.44
2054,1575.12
2055,1585.18
2056,1531.45
2057,1527.21
2058,1592.99
2059,1598.91
2060,1536.67
2061,1594.61
2062,1557.66
2063,1562.15
2064,1594.48
2065,1621.03
2066,1523
2067,1560.75
2068,1526.97
2069,1556.2
2070,1515.53
2071,1511.46
2072,1563.29
2073,1504.69
2074,1519.73
2075,1565.63
2076,1538.91
2077,1535.8
2078,1672.31
2079,1518.05
2080,1513.91
2081,1590.83
2082,1564.09
2083,1614.27
2084,1573.27
2085,1597.35
2086,1583.8
2087,1598.62
2088,1651.17
2089,1607.02
2090,1598.72
2091,1562.82
2092,1590.2
2093,1550.24
2094,1604.39
2095,1607.15
2096,1606.09
2097,1607.55
2098,1571.8
2099,1638.29
2100,1608.5
2101,1571.17
2102,1596.76
2103,1574.34
2104,1618.47
2105,1577.37
2106,1556.94
2107,1570.23
2108,1525.2
2109,1582.11
2110,1590.03
2111,1540.14
2112,1556.34
2113,1525.61
2114,1497.17
2115,1482.8
2116,1528.16
2117,1515.3
2118,1514.96
2119,1513.89
2120,1540.16
2121,1540.57
2122,1516.75
2123,1551.31
2124,1522.27
2125,1544.34
2126,1554.29
2127,1537.76
2128,1571.06
2129,1527.24
2130,1525.7
2131,1552.72
2132,3179.18
2133,2787.51
2134,1533.18
2135,1520.13
2136,3095.29
2137,1570.27
2138,1530.44
2139,1579.73
2140,1573.42
2141,3097.02
2142,1518.23
2143,1544.87
2144,1584.8
2145,1547.54
2146,1608.4
2147,1566.43
2148,2245.98
2149,2245.44
2150,2040.21
2151,1604.16
2152,1560.95
2153,1632.08
2154,1614.83
2155,2731.85
2156,1509.19
2157,1524.18
2158,1617.46
2159,1492.18
2160,1506.07
2161,1494.64
2162,1667.84
2163,1582.85
2164,1571.93
2165,1592.98
2166,1753.54
2167,1633.22
2168,1534.26
2169,1532.03
2170,1515.65
2171,1625.44
2172,1523.77
2173,1559.21
2174,1670.16
2175,1508.93
2176,1568.91
2177,1571.06
2178,1568.36
2179,1682.96
2180,1580.11
2181,1680.49
2182,1714.97
2183,1556.47
2184,1560.39
2185,1565.13
2186,1647.56
2187,1601.06
2188,1603
2189,1555.82
2190,1564.75
2191,1567.56
2192,1635.58
2193,1579.97
2254,1644.73
2255,1597.32
2256,1612.31
2257,1635.97
2258,1571.95
2259,1574.53
2260,1699.06
2261,1695.04
2262,1662.8
2263,1814.76
2264,1651.04
2265,1622.01
2266,1663.2
2267,1627.05
2268,1568.48
2269,1606.24
2270,1619.7
2271,1580.2
2272,1786.11
2273,1683.78
2274,1540.85
2275,1607.52
2276,1787.39
2277,1566.83
2278,1573.94
2279,1564.65
2280,1676.69
2281,1670.58
2282,1722.36
2283,1533.71
2284,1617.89
2285,1650.24
2286,1528.44
2287,1560.04
2288,1588.18
2289,1579.68
2290,1511.44
2291,1617.13
2292,1633.21
2293,1612.02
2294,1592.68
2295,1600.15
2296,1616.19
2297,1622.81
2298,1567.35
2299,1560.75
2300,1600.64
2301,1566.59
2302,1588.12
2303,1540.96
2304,1532.2
2305,1553.01
2306,1577.91
2307,1663.53
2308,1525.53
2309,1565.21
2310,1572.64
2311,1582.98
2312,1607.14
2313,1587.7
2314,1673.9
2315,1718.76
2316,1562.18
2317,1610.29
2318,1567.13
2319,1580.81
2320,1700.97
2321,1549.11
2322,1529.49
2323,1544.84
2324,1504.8
2325,1503.21
2326,1578.35
2327,1540.37
2328,1541.09
2329,1538.99
2330,1527.12
2331,1590.19
2332,1581.09
2333,1576.38
2334,1626.24
2335,1581.85
2336,1684.15
2337,1578.67
2338,1641.98
2339,1679.25
2340,1581.32
2341,1649.64
2342,1649.71
2343,1619.39
2344,1633.66
2345,1614.96
2346,1594.88
2347,1638.31
2348,1597.66
2349,1597.51
2350,1629.67
2351,1619.74
2352,1658.5
2353,1608.89
2354,1624.17
2355,1651.93
2356,1572.49
2357,1602.6
2358,1611.4
2359,1568.02
2360,1645.93
2361,1631.27
2362,1567.27
2363,1598.22
2364,1574.36
2365,1473.14
2366,1520.97
2367,1499
2368,1704.29
2369,1529.33
2370,1508.28
2371,1540.16
2372,1535.99
2373,1553.51
2374,1556.39
2375,1531.32
2376,1609.73
2377,1541.51
2378,1625.34
2379,1668.97
2380,1544.86
2381,1620.36
2382,1536.27
2383,1538.41
2384,1575.82
2385,1574.5
2386,1653.95
2387,1575.67
2388,3183.41
2389,1527.3
2390,3231.66
2391,1560.72
2392,1675.07
2393,1607.48
2394,1572.51
2395,3208.99
2396,1596.24
2397,3199.01
2398,1590.99
2399,1734.09
2400,3260.86
2401,1579.61
2402,3293.9
2403,3388.9
2404,1675.23
2405,1573.55
2406,1581.99
2407,1695.33
2408,1562.98
2409,2624.66
2410,1663.31
2411,2462.45
2412,1570.2
2413,1621.58
2414,1655.09
2415,1507.62
2416,1603.14
2417,1651.26
2418,1477.51
2419,1563.92
2420,1711.45
2421,1508.09
2422,1643.19
2423,1528.85
2424,1718.34
2425,1565.64
2426,1547.62
2427,1586.04
2428,1554.98
2429,1630.52
2430,1567.36
2431,1602.06
2432,1583.54
2433,1601.16
2434,1637.06
2435,1621.34
2436,1650.61
2437,1525.09
2438,1569.42
2439,1530.07
2440,1558.08
2441,1581.51
2503,1636.84
2504,1679.54
2505,1650.3
2506,1607.9
2507,1579.99
2508,1737.31
2509,1605.85
2510,1595.77
2511,1684.03
2512,1560.57
2513,1551.11
2514,1647.84
2515,1634.45
2516,1663.16
2517,1723.42
2518,1569.8
2519,1681.84
2520,1638.77
2521,1731.04
2522,1540.75
2523,1701.41
2524,1581.76
2525,1498.34
2526,1654.66
2527,1580.9
2528,1580.44
2529,1688.01
2530,1584.38
2531,1597.47
2532,1651.03
2533,1605.03
2534,1547.24
2535,1633.08
2536,1541.24
2537,1611.75
2538,1606.95
2539,1569.21
2540,1627.49
2541,1532.65
2542,1607.57
2543,1589.66
2544,1532.05
2545,1629.01
2546,1623.58
2547,1608.03
2548,1639.9
2549,1603.7
2550,1573.57
2551,1653.51
2552,1562.84
2553,1640.46
2554,1723.19
2555,1612.86
2556,1592.37
2557,1559.72
2558,1668.58
2559,1631.9
2560,1574.33
2561,1569.19
2562,1592.01
2563,1586.92
2564,1612.56
2565,1548.3
2566,1508.08
2567,1620.56
2568,1536.26
2569,1634.59
2570,1615.17
2571,1595.25
2572,1665.27
2573,1627.87
2574,1587.04
2575,1640.03
2576,1597.77
2577,1619.97
2578,1612.13
2579,1557.9
2580,1612.55
2581,1595.88
2582,1636.6
2583,1681.09
2584,1585.31
2585,1690.14
2586,1620.25
2587,1632.59
2588,1647.42
2589,1639.8
2590,1595.68
2591,1672.55
2592,1657.22
2593,1649.75
2594,1646.3
2595,1603.33
2596,1650.57
2597,1631.91
2598,1616.85
2599,1592.85
2600,1566.03
2601,1673.96
2602,1667.52
2603,1586.27
2604,1602.92
2605,1581.55
2606,1553.68
2607,1598.23
2608,1583.5
2609,1608.02
2610,1705.59
2611,1650.58
2612,1672.92
2613,1568.65
2614,1567.82
2615,1611.42
2616,1580.85
2617,1663.17
2618,1663.65
2619,1519.63
2620,1589.46
2621,1566.34
2622,1538.5
2623,1619.68
2624,1516.96
2625,1588.67
2626,1600.52
2627,1578.82
2628,1666.44
2629,1497.96
2630,1602.66
2631,1649.93
2632,1563.22
2633,1598.19
2634,1607.68
2635,1525.8
2636,1619.83
2637,1569.33
2638,1557.17
2639,1567.31
2640,3234.23
2641,1620.18
2642,3244.05
2643,3122.73
2644,3239.46
2645,3222.05
2646,3190.09
2647,3306.23
2648,3188.78
2649,3267.12
2650,3233.74
2651,3087.23
2652,3207.13
2653,3311.75
2654,3341.65
2655,1618.11
2656,1542.24
2657,1720.47
2658,2181.82
2659,1632.19
2660,2229.06
2661,1447.44
2662,2718.29
2663,1484.06
2664,1623.23
2665,1718.67
2666,1609.47
2667,1507.06
2668,1530.16
2669,1611.64
2670,1604.88
2671,1598.05
2672,1562.08
2673,1557.71
2674,1694.07
2675,1555.35
2676,1748.31
2677,1531.33
2678,1564.18
2679,1601.78
2680,1673
2681,1651.13
2682,1608.22
2745,1780.27
2746,1715.28
2747,1782.14
2748,1599.14
2749,1771.76
2750,1781.33
2751,1610.63
2752,1588.9
2753,1578.69
2754,1641.45
2755,1695.93
2756,1651.45
2757,1555.32
2758,1552.48
2759,1565.64
2760,1574.6
2761,1637.07
2762,1631.86
2763,1666.14
2764,1671.91
2765,1610.57
2766,1596.34
2767,1578.59
2768,1538.57
2769,1588.94
2770,1576.58
2771,1558.31
2772,1588.69
2773,1550.5
2774,1617.3
2775,1532.82
2776,1590.06
2777,1634.5
2778,1565.69
2779,1634.4
2780,1632.1
2781,1607.72
2782,1632.43
2783,1627.19
2784,1548.44
2785,1621.13
2786,1558.74
2787,1641.63
2788,1620.08
2789,1594.85
2790,1596.18
2791,1575.61
2792,1598.24
2793,1646.11
2794,1552.43
2795,1588.15
2796,1613.12
2797,1524.79
2798,1545.25
2799,1652.08
2800,1473.17
2801,1576.53
2802,1479.4
2803,1567.97
2804,1734.34
2805,1610.91
2806,1546.14
2807,1620.91
2808,1512.82
2809,1572.79
2810,1621.22
2811,1723.18
2812,1620.74
2813,1553.62
2814,1623.83
2815,1601.93
2816,1579.32
2817,1608.24
2818,1548.5
2819,1680.01
2820,1681.63
2821,1625.42
2822,1618.39
2823,1607.97
2824,1626.42
2825,1648.66
2826,1587.06
2827,1631.24
2828,1656.16
2829,1573.43
2830,1597.89
2831,1618.31
2832,1677.9
2833,1666.15
2834,1607.49
2835,1663.23
2836,1615.69
2837,1641.73
2838,1599.76
2839,1612.41
2840,1596.62
2841,1625.74
2842,1583.77
2843,1664.39
2844,1570.56
2845,1605.15
2846,1603.96
2847,1574.4
2848,1576.67
2849,1619.67
2850,1644.08
2851,1777.82
2852,1537.31
2853,1457.83
2854,1511.32
2855,1508.45
2856,1610.19
2857,1713.51
2858,1529.9
2859,1604.42
2860,1572.87
2861,1484.28
2862,1659.49
2863,1628.07
2864,1556.96
2865,1704.9
2866,1616.3
2867,1617.49
2868,1624.38
2869,1580.39
2870,1611.92
2871,1633.89
2872,1543.04
2873,1623.77
2874,1565.64
2875,1601.77
2876,1578.58
2877,1542.44
2878,1577.04
2879,1566.89
2880,1568.1
2881,1612.64
2882,1594.07
2883,1594.58
2884,3222.15
2885,1567.07
2886,3097.26
2887,3208.11
2888,3200.19
2889,3144.11
2890,3200.33
2891,3238.14
2892,3442.09
2893,3187.31
2894,3173.52
2895,3124.46
2896,1598.55
2897,1632.64
2898,2076.71
2899,1610.84
2900,2053.96
2901,2433.48
2902,1952.2
2903,1540.56
2904,2768.17
2905,1667.03
2906,1617.18
2907,1573.85
2908,1627.79
2909,1599.27
2910,1779.75
2911,1571.3
2912,1803.49
2913,1601.11
2914,1711.66
2915,1813.65
2916,1790.69
2979,1776.49
2980,1765.74
2981,1785.68
2982,1740.48
2983,1483.86
2984,1682.68
2985,1534.98
2986,1602.73
2987,1710.33
2988,1489.37
2989,1619.37
2990,1666.78
2991,1681.46
2992,1578.36
2993,1640.1
2994,1591.65
2995,1606.81
2996,1602.37
2997,1593.93
2998,1596.43
2999,1634.76
3000,1575.14
3001,1612.66
3002,1637.08
3003,1516.08
3004,1575.47
3005,1548.5
3006,1631.17
3007,1658.95
3008,1594.25
3009,1605.86
3010,1568.97
3011,1629.33
3012,1580.39
3013,1590.94
3014,1614.85
3015,1564.18
3016,1555.95
3017,1522.44
3018,1672.15
3019,1616.44
3020,1653.47
3021,1534.1
3022,1560.89
3023,1658.14
3024,1653.28
3025,1538.75
3026,1476.04
3027,1538.93
3028,1475.17
3029,1601.88
3030,1492.37
3031,1587.46
3032,1609.23
3033,1661.64
3034,1566.29
3035,1715.43
3036,1599.84
3037,1529.73
3038,1736.17
3039,1717.51
3040,1679.58
3041,1608.57
3042,1556.54
3043,1564.92
3044,1585.85
3045,1621.46
3046,1688.47
3047,1544.62
3048,1604.74
3049,1569.66
3050,1577.4
3051,1634.42
3052,1565.85
3053,1586.17
3054,1610.11
3055,1635.87
3056,1602.02
3057,1601.75
3058,1585.52
3059,1593.88
3060,1600.13
3061,1594.04
3062,1605.02
3063,1693.22
3064,148.985
3065,1612.23
3066,1661.47
3067,1636.67
3068,1562.23
3069,1621.36
3070,1592.29
3071,1615.72
3072,1609.84
3073,1598.26
3074,1589.06
3075,1706.83
3076,1578.86
3077,1594.7
3078,1592.7
3079,1600.2
3080,1696.04
3081,1628.68
3082,1737.62
3083,1640.89
3084,1514.7
3085,1669.66
3086,1715.1
3087,1576.36
3088,1616
3089,1728.07
3090,1719.71
3091,1486.17
3092,1547.15
3093,1648.38
3094,1793.4
3095,1545.78
3096,1614.85
3097,1571.64
3098,1673.86
3099,1591.44
3100,1655.64
3101,1592.61
3102,1611.55
3103,1644.58
3104,1651.37
3105,1558.15
3106,1580.96
3107,1589.63
3108,1577.43
3109,1553.3
3110,1571.79
3111,1615.82
3112,1547.79
3113,1563.01
3114,1598.54
3115,1569.95
3116,1592.66
3117,1554.11
3118,3189.16
3119,1615.41
3120,1599.27
3121,1634.75
3122,1601.87
3123,1615.88
3124,1605.1
3125,1596.95
3126,1571.89
3127,1629.33
3128,1570.89
3129,1583.39
3130,1621.42
3131,1569.36
3132,2394.61
3133,1599.26
3134,1652.29
3135,1656.7
3136,1688.58
3137,2501.23
3138,2442.16
3139,1703.41
3140,1764.8
3141,1861.39
3142,1761.05
3143,2420.81
3144,2221.1
3145,2539.05
3146,2529.61
3147,2273.21
3206,1525.29
3207,1753.45
3208,1605.05
3209,1603.95
3210,1618.6
3211,1597.71
3212,1606.6
3213,1611.64
3214,1627.25
3215,1620.52
3216,1586.22
3217,1586.45
3218,1661.22
3219,1578.01
3220,1643.19
3221,1647.9
3222,1560.09
3223,1628.57
3224,1641.3
3225,1619.28
3226,1597.62
3227,1576
3228,1627.87
3229,1651.05
3230,1740.85
3231,1632.37
3232,1552.6
3233,1603.64
3235,1603.24
3236,1576
3237,1547.13
3238,1583.61
3239,1601.42
3240,1450.52
3241,1515.33
3242,1527.7
3243,1584.46
3244,1515.19
3245,1617.26
3246,1521.43
3247,1544.09
3248,1605.75
3249,1674.92
3250,1611.05
3251,1538.39
3252,1580.92
3253,1688.94
3254,1524.89
3255,1578.99
3256,1658.02
3257,1687.05
3258,1592.63
3259,1630.69
3260,1654.54
3261,1748.84
3262,1595.75
3263,1651.14
3264,1682.71
3265,1542.38
3266,1606.69
3267,1600.49
3268,1626.27
3269,1689.5
3270,1641.45
3271,1659.66
3272,1619.52
3273,1560.05
3274,1643.02
3275,1574.93
3276,1640.15
3277,1630.15
3278,1622.33
3280,1617.72
3281,1580.57
3282,1689.5
3283,1635.35
3284,1720.62
3285,1680.25
3286,1665.45
3287,1672.53
3288,1591.3
3290,1640.16
3291,1606.8
3292,1658.94
3293,1636.26
3294,1593.48
3295,1738.86
3296,1678.24
3298,1703.75
3299,1592.8
3300,1625.9
3301,1652.4
3302,1566.6
3303,1707.49
3304,1688.68
3305,1733.25
3306,1861.84
3307,1559.02
3308,1607.16
3309,1576.86
3310,1594.1
3311,1558.27
3312,1767.89
3313,1529.36
3314,1661.94
3315,1703.7
3316,1620.04
3317,1671.93
3318,1576.57
3319,1532.67
3320,1605.64
3321,1499.07
3322,1617.27
3323,1636.6
3324,1544.05
3325,1553.69
3326,1601.52
3327,1596.02
3328,1481.71
3329,1602.98
3330,1613.35
3331,1560.58
3332,1602.95
3333,1613.9
3334,1552.33
3335,1622.73
3336,1571.7
3337,1564.32
3338,1598.73
3339,1592.1
3340,1607.85
3341,1582.85
3342,1564.58
3343,1566.47
3344,1549.76
3345,1594.56
3346,1596.25
3347,1540.33
3348,1629.81
3349,1632.15
3350,1580.74
3351,1639.66
3352,1567.12
3353,1573.64
3354,1753.33
3355,1578.8
3356,1601.11
3357,1576.26
3358,1560.94
3359,1676.11
3360,1570.83
3361,1610.05
3362,2411.37
3363,2472.58
3364,2538.15
3365,2528.79
3366,2288.93
3426,1685.77
3427,1624.17
3428,1642.78
3429,1582.98
3430,1597.69
3431,1595.15
3432,1597.08
3433,1647.57
3434,1609.33
3435,1647.77
3436,1599.49
3437,1614.18
3438,1642.46
3439,1601.56
3440,1617.42
3441,1645.43
3442,1597.81
3443,1649.54
3444,1559.26
3445,1544.48
3446,1606.34
3447,1611.89
3448,1565.1
3449,1587.78
3450,1553.5
3451,1511.64
3452,1606.23
3453,1472.19
3454,1617.19
3455,1540.24
3456,1520.47
3457,1827.01
3458,1457.93
3459,1722.04
3460,1653.97
3461,1566.54
3462,1637.43
3463,1698.38
3464,1686.61
3465,1652.89
3466,1622.52
3467,1661.25
3468,1673.13
3469,1604.07
3470,1722.76
3471,1732.68
3472,1808.2
3473,1648.73
3474,1530.94
3475,1692.18
3476,1523.02
3477,1623.33
3478,1817.44
3479,1726.3
3480,1889.8
3481,1636.04
3482,1604.52
3483,1602.1
3484,1562.55
3485,1598.81
3486,1604.34
3487,1651.68
3488,1623.81
3489,1641.42
3490,1609.78
3491,1615.06
3492,1562.6
3493,1656.81
3494,1640.55
3495,1613.53
3496,1624.42
3497,1592.36
3498,1564.65
3499,1656.62
3500,1633.33
3501,1614.08
3502,1652.38
3503,1638.85
3504,1655.61
3505,1645.97
3506,1638.76
3507,1649.96
3508,1659.49
3509,1591.38
3510,1643.72
3511,1717.95
3512,1614.29
3513,1612.3
3514,1588.26
3515,1641.23
3516,1699.61
3517,1613.76
3518,1661.89
3519,1727.87
3520,1927.3
3521,1803.09
3522,1586.76
3523,1701.51
3524,1582.67
3525,1580.69
3526,1700.21
3527,1812.04
3528,1822.93
3529,1788.83
3530,1704.28
3531,1762.56
3532,1684.09
3533,1734.55
3534,1617.63
3535,1527.21
3536,1664.67
3537,1701.46
3538,1509.72
3539,1748.06
3540,1612.81
3541,1495.65
3542,1820.74
3543,1657.51
3544,1794.17
3545,1611.53
3546,1496.87
3547,1640.29
3548,1600.07
3549,1545.59
3550,1550.82
3551,1625.12
3552,1591.95
3553,1595.5
3554,1558.41
3555,1627.93
3556,1608.32
3557,1555.67
3558,1627.45
3559,1595.58
3560,1595.54
3561,1588.82
3562,1556.76
3563,1590.88
3564,1520.69
3565,1550.33
3566,1591.17
3567,1562.38
3568,1606.3
3569,1625.92
3570,1595.46
3571,1640.69
3572,1702.16
3575,2522.64
3576,2411.04
3577,2469.51
3578,2515.48
3579,2532.33
3638,1582.51
3639,1627.52
3640,1579.28
3641,1600.49
3642,1611.99
3643,1670.7
3644,1646.16
3645,1695.07
3646,1587.23
3647,1628.26
3648,1595.18
3649,1586.98
3650,1536
3651,1611.29
3652,1682.59
3653,1533.41
3654,1619.82
3655,1557.43
3656,1508
3657,1496.52
3658,1674.72
3659,1577.05
3660,1655.96
3661,1614.03
3662,1538.46
3663,1574.65
3664,1716.5
3665,1712.18
3666,1597.31
3667,1676.54
3668,1593.13
3669,1642.86
3670,1706.82
3671,1691.25
3672,1673.84
3673,1726.27
3674,1668.63
3675,1913.15
3676,1656.78
3677,1776.22
3678,1716.7
3679,1596.39
3680,1815.67
3681,1668.51
3682,1561.49
3683,1634.88
3684,1672.78
3685,1757.65
3686,1786.68
3687,1768
3688,1739.1
3689,1639.02
3690,1631.47
3691,1890.95
3692,1605.53
3693,1763.06
3694,1576.92
3695,1601.74
3696,1669.23
3697,1593.5
3698,1632.03
3699,1659.6
3700,1631.56
3701,1647.72
3702,1618.87
3704,1610.55
3705,1579.95
3706,1628.58
3707,1651.11
3708,1658.71
3709,1673.54
3710,1633.08
3711,1709.27
3712,1629.44
3713,1615.68
3714,1630.75
3715,1743.6
3716,1732
3717,1640.06
3718,1617.64
3719,1608.8
3720,1792.65
3721,1608.16
3722,1828.37
3723,1805.58
3724,1747.5
3725,1644.19
3726,1553.89
3727,1765.21
3728,1727.78
3729,1737.18
3730,1803.15
3731,1722.11
3732,1798.66
3733,1589.71
3734,1672.2
3735,1591.9
3736,1761.17
3737,1750.24
3738,1800.44
3739,1779.19
3740,1731.72
3741,1745.68
3742,1755.05
3743,1705.84
3744,1559.5
3745,1734.13
3746,1607.26
3747,1703.31
3748,1553.39
3749,1513.55
3750,1709.74
3751,1525.99
3752,1663.35
3753,1585.43
3754,1630.76
3755,1613.33
3756,1695.76
3757,1839.27
3758,1548.95
3759,1554.74
3760,1555.09
3761,1646.56
3762,1654.05
3763,1664.65
3764,1668.24
3765,1601.7
3766,1588.82
3767,1585.95
3768,1612.07
3769,1650.51
3770,1591.6
3771,1701.47
3772,1602.54
3773,1546.86
3774,1662.43
3775,1603.02
3776,1536.69
3777,1653.76
3782,2283.06
3783,2776.34
3784,2524.51
3785,2532.88
3842,1610.93
3843,1524.31
3844,1609.39
3845,1546.9
3846,1532.79
3847,1618.86
3848,1574.81
3849,1588.07
3850,1538.52
3851,1543.74
3852,1715.74
3853,1620.39
3854,1827.24
3855,1787.13
3856,1717.34
3857,1894.26
3858,1691.73
3859,1562.94
3860,1561.84
3861,1584.23
3862,1759.55
3863,1613.08
3864,1594.57
3865,1626.63
3866,1611.82
3867,1712.06
3868,1646.74
3869,1607.2
3870,1719.51
3871,1796.67
3872,1807.48
3873,1705.12
3874,1644.54
3875,1702.41
3876,1733.06
3877,1693.56
3878,1993.33
3879,1601.06
3880,1630.93
3881,1705.59
3882,1649.25
3883,1773.59
3884,1597.18
3885,1811.76
3886,1716.11
3887,1528
3888,1771.96
3889,1675.47
3890,1692.16
3891,1846.32
3892,1855.41
3893,1824.94
3894,1951.21
3895,1835.35
3896,1852.36
3897,1606.43
3898,1625.71
3899,1780.71
3900,1806.51
3901,1622.63
3902,1626.83
3903,1582.41
3904,1636.3
3905,1622.11
3906,1611.41
3907,1627.34
3908,1615.22
3909,1662.14
3910,1652.38
3911,1633.3
3912,1660.71
3913,1624.98
3914,1615.81
3915,1684.72
3916,1734.92
3917,1595.11
3918,1646.54
3919,1793.55
3920,1801.97
3921,1980.25
3922,1811.85
3923,1810.11
3924,1822.95
3925,1750.9
3926,1733.93
3927,1646.36
3928,1798.8
3929,1783.47
3930,1800.02
3931,1812.26
3932,1662.26
3933,105.223
3934,1877.22
3935,1567.23
3936,1686.3
3937,1766.92
3938,1522.23
3939,1836.34
3940,1787.92
3941,1764.43
3942,1718.47
3943,1732.92
3944,1828.19
3945,1705.73
3946,1603.84
3947,1748.81
3948,1754.15
3949,1699.61
3950,1636.7
3951,1631.42
3952,1588.04
3953,1731.24
3954,1622.37
3955,1576.21
3956,1559.3
3957,1692.33
3958,1783.83
3959,1823.05
3960,1912.2
3961,1828.09
3962,1710.31
3963,1609.14
3964,1709.75
3965,1568.89
3966,1591.2
3967,1555.14
3968,1556.29
3969,1609.97
3970,1539.73
3971,1556.28
3972,1732.54
3973,1657.36
3981,2516.37
3982,2344.39
4074,2360.41
4075,2649.33
4076,2471.21
4077,2229.76
4078,2521.03
4170,2277.37
4171,2518.96
4172,2773.93
4263,2280.1
4354,2784.11
4442,2530.95
4689,2557.5
4765,2524.71
5144,1703.73
5145,1664.43
5146,1818.21
5147,1696.75
5148,1650.91
5149,1651.99
5150,1699.53
5151,1688.26
5152,1559.61
5153,1744.17
5154,1598.11
5155,1591.27
5156,1628.4
5157,1725.69
5158,1614.4
5159,1767.49
5160,1580.56
5161,1733.51
5162,1748.29
5163,1578.16
5164,1698.46
5165,1757.35
5166,1601.68
5167,1721.77
5168,1549.4
5169,1664.68
5170,1701.93
5171,1636.99
5172,1656.75
5173,1554.04
5174,1608.18
5175,1568.52
5176,1572.43
5177,1654.88
5178,1553.07
5179,1584.08
5180,1629.34
5181,1581.82
5182,1600.55
5183,1640.69
5184,1631.41
5185,1678.02
5186,1522.18
5187,1641
5188,1706.53
5189,1517.68
5190,1569.7
5191,1559.16
5192,1531.77
5193,1545.48
5194,1544.84
5195,1615.12
5196,1572.17
5197,1565.49
5198,1698.37
5199,1586.69
5200,1593.41
5201,1590.58
5202,1552.33
5203,1533.61
5204,1763.08
5205,1634.47
5206,1718.06
5207,1573.66
5208,1620.84
5209,1619.01
5210,1568.96
5211,1556.25
5212,1602.12
5213,1543.65
5214,1556.94
5215,1624.33
5216,1562.95
5217,1523.66
5218,1585.07
5219,1548.14
5220,1582.8
5221,1575
5222,1557.51
5223,1609.67
5224,1710.17
5225,1601.65
5226,1567.1
5227,1544.59
5228,1578.65
5229,1570.26
5230,1558.5
5231,1656.31
5232,1565.07
5233,1640.24
5234,1596.73
5235,1577.51
5236,1650.36
5237,1576.23
5238,1630.96
5239,1623.13
5240,1549.02
5241,1570.22
5242,1591.36
5243,1592.44
5244,1604.46
5245,1533.68
5246,1624.57
5247,1621.94
5248,1563.42
5249,1631.27
5250,1562.14
5251,1520.95
5252,1576.25
5253,1578.21
5254,1595.05
5255,1716.9
5256,1539.07
5257,1605.7
5258,1661.71
5259,1480.43
5260,1645.69
5261,1458.79
5262,1513.18
5263,1684.93
5264,1602.84
5265,1559.94
5266,1557.68
5267,1519.43
5268,1542.81
5269,1531.32
5270,1567.31
5271,1566.6
5272,1533.14
5273,1564.03
5274,1553.33
5275,1632.41
5276,1570.41
5277,1517.77
5278,1768.3
5279,1814.55
5280,1509.67
5281,1604.5
5282,115.502
5283,1518.69
5284,1602.68
5285,1597.76
5286,1577.48
5287,1645.02
5288,1541.19
5289,1604.92
5290,1555.91
5291,1549.65
5292,1608.59
5293,1523.52
5294,1592.54
5295,1767.18
5296,1572.19
5297,1607.74
5298,1601.22
5299,1535.18
5300,1634.74
5301,1584.57
5302,1611.36
5303,1639.79
5304,1568.34
5305,1622.18
5306,1553.84
5307,1552.06
5308,1592.56
5309,1564.69
5310,1572.24
5311,1590.74
5312,1494.21
5313,1568.97
5314,1508.52
5315,1537.8
5316,1592.71
5317,1570.07
5318,1585.98
5319,1594.83
5320,1553.91
5321,1572.66
5322,1507.01
5323,1517.86
5324,1610.04
5325,1554.47
5326,1555.35
5327,1582.97
5328,1544.05
5329,1589.74
5330,1551.31
5331,1633.1
5332,1564.9
5333,1479.1
5334,1615.25
5335,1691
5336,1553
5337,1543.37
5338,1519.78
5339,1554.14
5340,1580.46
5341,1520.5
5342,1731.09
5343,1609.87
5344,1596.54
5345,1582.01
5346,1554.57
5347,1513.54
5348,1599.58
5349,1516.39
5350,1570.7
5351,1878.24
5352,1685.35
5353,1658.31
5354,1521.33
5355,1618.32
5356,1611.13
5357,1559.83
5358,1560.24
5359,1597.85
5360,1629.57
5361,1607.08
5362,1508.81
5363,1693.97
5364,1556.96
5365,1546.42
5366,1639.7
5367,1701.86
5368,1637.29
5369,1646.22
5370,1790.55
5371,1506.17
5372,1682.11
5373,1639.84
5374,1575.76
5375,1704.37
5376,1541.34
5377,1665.02
5378,1741.01
5379,1670.26
5380,1797.3
5381,1619.14
5382,1540.81
5383,1527.35
5384,1524.48
5385,1734.8
5386,1466.91
5387,1502.03
5388,1635.58
5389,1503.07
5390,1652.36
5391,1520.38
5392,1652.94
5393,1703.42
5394,1665.69
5395,1690.11
5445,1775.22
5446,1860.09
5447,1602.91
5448,1808.73
5449,1690.75
5450,1623.84
5451,1815.3
5452,1698.5
5453,1853.58
5454,1679.45
5455,1671.24
5456,1587.03
5457,1609.65
5458,1599.86
5459,1665.47
5460,1697.22
5461,1647.65
5462,1722.62
5463,1681.03
5464,1618.18
5465,1709.63
5466,1528.68
5467,1767.85
5468,1519.03
5469,1614.18
5470,1613.1
5471,1635.34
5472,1535.15
5473,1563.71
5474,1570.55
5475,1572.32
5476,1578.73
5477,1616.1
5478,1609.14
5479,1651.34
5480,1583.33
5481,1689.2
5482,1541.61
5483,1592.69
5484,1550.73
5485,1587.14
5486,1601.87
5487,1568.09
5488,1551.04
5489,1794.14
5490,1562.81
5491,1581
5492,1618.44
5493,1532.8
5494,1579.68
5495,1603.92
5496,1680.19
5497,1613.15
5498,1674.13
5499,1614.03
5500,1628.86
5501,1591.41
5502,1721.75
5503,1723.51
5504,1589.19
5505,1582.41
5506,1564.59
5507,1627.46
5508,1634.23
5509,1710.91
5510,1633.53
5511,1566.78
5512,1586.67
5513,1644.1
5514,1579.02
5515,1579.07
5516,1586.09
5517,1589.93
5518,1627.96
5519,1556.51
5520,1534.47
5521,1629.32
5522,1550.41
5523,1817.6
5524,1629.52
5525,1597.81
5526,1580.87
5527,1498.15
5528,1571
5529,1590.27
5530,1613.06
5531,1600.95
5532,1598.93
5533,1596.97
5534,1577.49
5535,1551.58
5536,1553
5537,1656.73
5538,1539.21
5539,1590.22
5540,1523.06
5541,1550.86
5542,1565.53
5543,1473.7
5544,1556.08
5545,1492.43
5546,1611.31
5547,1686.44
5548,1652.59
5549,1577.03
5550,1559.55
5551,1532.25
5552,1644.21
5553,1573.35
5554,1689.04
5555,1609.04
5556,1598.39
5557,1533.54
5558,1575.36
5559,1551.55
5560,1583.02
5561,1584.05
5562,1559.98
5563,1562.78
5564,1590.22
5565,1551.95
5566,1603.18
5567,1560.14
5568,1586.77
5569,1599.86
5570,1562.75
5571,1614.4
5572,1595.59
5573,1556.36
5574,1621.04
5575,1590.25
5576,1517.34
5577,1612.99
5578,1578.26
5579,1571.5
5580,1599.17
5581,1728.47
5582,1584.08
5583,1623.16
5584,1608.12
5585,1858.89
5586,177.575
5587,1834.17
5588,1640.25
5589,1623.41
5590,1620.11
5591,1496.76
5592,1759.73
5593,1557.6
5594,1579.76
5595,1578.35
5596,1535.92
5597,1554.01
5598,1599.97
5599,71.9491
5600,1605.56
5601,106.831
5602,1592.25
5603,1569.67
5604,1579.86
5605,1561.94
5606,1576.79
5607,1513.36
5608,1534.6
5609,1778.71
5610,1539.25
5611,1587.14
5612,1577.82
5613,1544.21
5614,1581.28
5615,1554.94
5616,1582.24
5617,1601.02
5618,1576.72
5619,1578.71
5620,1605.36
5621,1599.68
5622,1582.46
5623,1598.84
5624,1705.42
5625,1629.72
5626,1582.55
5627,1711.07
5628,1561.1
5629,1614.14
5630,1709.71
5631,1658.8
5632,1538.66
5633,1682.85
5634,1669.36
5635,1532.2
5636,1634.63
5637,1620.01
5638,1539.65
5639,1616.27
5640,1593.57
5641,1596.61
5642,1556.22
5643,1608.61
5644,1600.66
5645,1585.42
5646,1756.16
5647,1604.52
5648,1637.94
5649,1641.35
5650,1686.14
5651,1654.79
5652,1754.33
5653,1564.1
5654,1632.32
5655,1659.41
5656,1636.81
5657,1615.01
5658,1659.27
5659,1590.45
5660,1592.12
5661,1604.98
5662,1593.72
5663,1732.08
5664,1546.71
5665,1569.57
5666,1593.87
5667,1714.88
5668,1594.88
5669,1764.15
5670,1648.91
5671,1699.54
5672,1656.38
5673,1723.7
5674,1565.55
5675,1663.49
5676,1614.91
5677,1507.81
5678,1545.97
5679,1749.7
5680,1766.21
5681,1728.32
5682,1559.23
5683,1694.83
5684,1622.59
5685,1683.73
5686,1765.27
5687,1515.44
5688,1706.76
5740,1732.51
5741,1666.59
5742,1662.38
5743,1574.17
5744,1698.06
5745,1565.19
5746,1707.58
5747,1649.53
5748,1652.12
5749,1562.91
5750,1528.61
5751,1573.54
5752,1627.03
5753,1637.77
5754,1562.98
5755,1491.47
5756,1556.34
5757,1571.23
5758,1530.01
5759,1606.48
5760,1540.61
5761,1522.49
5762,1558.76
5763,1572.98
5764,1620.67
5765,1684.7
5766,1544.35
5767,1660.11
5768,1600.52
5769,1628.18
5770,1639.37
5771,1606.78
5772,1621.55
5773,1674.21
5774,1608.16
5775,1593.29
5776,1541.79
5777,1600.5
5778,1620.3
5779,1605.13
5780,1561.73
5781,1607.1
5782,1570.04
5783,1579.7
5784,1644.05
5785,1583.42
5786,1641.22
5787,1625.68
5788,1565.46
5789,1604.52
5790,1642.06
5791,1628.62
5792,1617.16
5793,1558.67
5794,1621.15
5795,1590.98
5796,1612.97
5797,1624.86
5798,1570.48
5799,1601.74
5800,1604.57
5801,1573.64
5802,1633.33
5803,1586.54
5804,1627.26
5805,1613.59
5806,1775.51
5807,1577.51
5808,1725.64
5809,1560.59
5810,1560.54
5811,1576.08
5812,1539.12
5813,1541.02
5814,1544.95
5815,1647.16
5816,1583.88
5817,1633.66
5818,1591.54
5819,1525.99
5820,1581.88
5821,1614.6
5822,1593.7
5823,1600.86
5824,1619.09
5825,1572.68
5826,1596.42
5827,1594.61
5828,1620.07
5829,1565.04
5830,1581.8
5831,1538.91
5832,1605.64
5833,1536.33
5834,1616.07
5835,1568.01
5836,1588.59
5837,1595.79
5838,1586.47
5839,1536.16
5840,1563.36
5841,1571.06
5842,1594.5
5843,1609.93
5845,1624.57
5846,1546.45
5847,1578.9
5848,1546.27
5849,1556.79
5850,1574.84
5851,1505.62
5852,1571.77
5853,1550.12
5854,1543.13
5855,1558.35
5856,1581.4
5857,1543.01
5858,1552.72
5859,1592.57
5860,1575.7
5861,1594.19
5862,1595.46
5863,1580.02
5864,1543.91
5865,1544.63
5866,1565.39
5867,1551.2
5868,1554.83
5869,1615.54
5870,1565.67
5871,1570.02
5872,1600.04
5873,1550.4
5874,1759.95
5875,1650.47
5876,1662.81
5877,1650.1
5878,1688.29
5879,1582.59
5880,1561.44
5881,1533.29
5882,1667.87
5883,1784.99
5884,1841.85
5885,1690.86
5886,1648.79
5887,1958.47
5888,1673
5889,88.4766
5891,1639.92
5892,1779.83
5893,1615.85
5894,1637.67
5895,1892.08
5896,68.4928
5897,170.888
5898,108.917
5899,1966.92
5900,1854.06
5901,2156.04
5902,1755.64
5903,1801.14
5904,74.102
5905,1764.77
5906,1733.99
5907,1751.4
5908,1543.87
5909,1568.43
5910,1597.24
5911,1559.12
5912,1630.78
5913,1614.02
5914,1602.75
5915,1638.96
5916,1539.46
5917,1577.7
5918,1580.25
5919,1573.61
5920,1572.9
5921,1521.72
5922,1582.87
5923,1578.37
5924,1557.16
5925,1609.84
5926,1556.37
5927,1576.96
5928,1573.04
5929,1544.73
5930,1551.97
5931,1543.9
5932,1587.63
5933,1601.31
5934,1527.12
5935,1601.98
5937,1555.73
5938,1573.33
5939,1580.55
5940,1596.1
5941,1610.08
5942,1591.83
5943,1583.31
5944,1615.26
5945,1609.65
5946,1656.99
5947,1628.6
5948,1652.65
5949,1614.58
5950,1586.59
5951,1644.23
5952,1584.08
5953,1546.09
5954,1581.06
5955,1554.86
5956,1646.62
5957,1644.04
5958,1550.41
5959,1591.06
5960,1563.02
5961,1703.87
5962,1556.57
5963,1652.09
5964,1544.48
5965,1628.47
5966,1539.24
5967,1699.88
5968,1654.09
5969,1523.1
5970,1749.52
5971,1656.27
5972,1562.25
5973,1588.24
5974,1754.41
5975,1610.8
6029,1573.22
6030,1540.05
6031,1543.69
6032,1636.51
6033,1605.22
6034,1630.85
6035,1599.82
6036,1633.41
6037,1842.19
6038,1550.41
6039,1623.39
6040,1585.39
6041,1599.85
6042,1647.7
6043,1545.63
6044,1582.8
6045,1558.09
6046,1625.48
6047,1632.12
6048,1555.02
6049,1555.6
6050,1614.26
6051,1648.29
6052,1575.56
6053,1775.81
6054,1647.87
6055,1617.16
6056,1600.69
6057,1757.07
6058,1630.27
6059,1658.36
6060,1625.42
6061,1556.45
6062,1607.59
6063,1622.43
6064,1588.24
6065,1622.88
6066,1607.77
6067,1619.56
6068,1613.9
6069,1680.25
6070,1598.02
6071,1596.92
6072,1611.67
6073,1579.11
6074,1587.29
6075,1577.1
6076,1561.17
6077,1562.57
6078,1730.03
6079,1555.64
6080,1564.16
6081,1600.1
6082,1588.15
6083,1570.77
6084,1574.81
6085,1567.6
6086,1625.39
6087,1594.22
6088,1573.9
6089,1669.75
6090,1588.53
6091,1578.35
6092,1557.28
6093,1599.5
6094,1597.92
6095,1762.18
6096,1639.26
6097,1645.42
6098,1597.51
6099,1619.28
6100,1644.85
6101,1566.74
6102,1583.18
6103,1639.16
6104,1622.03
6105,1603.76
6106,1679.24
6107,1669.51
6108,1626.24
6109,1890.31
6110,1552.13
6111,1580.74
6112,1562.83
6113,1630.58
6114,1715.45
6115,1692.03
6116,1727.98
6117,1763.02
6118,1800.42
6119,1777.83
6120,1879.4
6121,1599.68
6122,1602.78
6123,1805.9
6124,1609.76
6125,1613.68
6126,1581.36
6127,1580.48
6128,1603.67
6129,1621.98
6130,1565.26
6131,1559.59
6132,1549.08
6133,1523.99
6134,1573.43
6135,1573.2
6136,1514.01
6137,1566.11
6138,1578.9
6139,1560.14
6140,1596.72
6141,1583.64
6142,1573.16
6143,1563.47
6144,1566.55
6145,1591.96
6146,1586.31
6147,1606.83
6148,1585.34
6149,1524.96
6150,1577.17
6151,1568.22
6152,1559.08
6153,1580.99
6154,1579.8
6155,1588.94
6156,1628.43
6157,1613.37
6158,1572.79
6159,1567.14
6160,1589
6161,1589.95
6162,1590.42
6163,1779.19
6164,1541.76
6165,1797.01
6166,1793.96
6167,1748.75
6168,1755.89
6169,1753.95
6170,1784.53
6171,1728.89
6172,1741.78
6173,1561.55
6174,1630.17
6175,1551.94
6176,1685.53
6177,1552.15
6178,1575.51
6179,1601.03
6180,1511.05
6181,1524.62
6182,1574.99
6183,1608.32
6184,80.7105
6185,1625.88
6186,1563.31
6187,1585.09
6188,1587.21
6189,2018.86
6190,1638.45
6191,1773.37
6192,1603.36
6193,1592.6
6194,1599.42
6195,1590.27
6196,1626.27
6197,1607.8
6198,1640.84
6199,1621.5
6200,1569.78
6201,1611.36
6202,1594.87
6203,1595.68
6204,1566.18
6205,1577.91
6206,1577.9
6207,1528.21
6208,1567.43
6209,1553.81
6210,1576.76
6211,1564.54
6212,1588.89
6213,1610.42
6214,1561.04
6215,1571.12
6216,1547.39
6217,1623.91
6218,1598.52
6219,1609.83
6220,1754.06
6221,1576.5
6222,1612.22
6223,1600.74
6224,1568.34
6225,1596.1
6226,1575.99
6227,1620.12
6228,1602.96
6229,1551.14
6230,1613.15
6231,1581.85
6232,1594.65
6233,1576.83
6234,1569.81
6235,1585.99
6236,1534.7
6237,1588.35
6238,1613.76
6239,1588.79
6240,1569.15
6241,1608.98
6242,1583.49
6243,1612.11
6244,1585.43
6245,1596.64
6246,1568.87
6247,1601.13
6248,1575.2
6249,1591.37
6250,1572.02
6251,1577.92
6252,1583.5
6253,1662.05
6254,1574.04
6255,1555.35
6256,1675.13
6311,1622.21
6312,1661.37
6313,1632.6
6314,1624.06
6315,1578.98
6316,1806.31
6317,1637.47
6318,1625.87
6319,1556.86
6320,1628.94
6321,1703.23
6322,1540.89
6323,1822.9
6324,1625.46
6325,1616.58
6326,1610.15
6327,1624.72
6328,1587.74
6329,1552.37
6330,1624.76
6331,1767.69
6332,1612.19
6333,1644.28
6334,1628.01
6335,1627.93
6336,1603.29
6337,1655.97
6338,1614.21
6339,1595.1
6340,1616.26
6341,1593.73
6342,1609.25
6343,1618.05
6344,1625.88
6345,1620.27
6346,1622.88
6347,1594.06
6348,1605.68
6349,1588.49
6350,1638.83
6351,1558.71
6352,1613.98
6353,1640.8
6354,1564.36
6355,1715.35
6356,1625.04
6357,1578.91
6358,1600.76
6359,1605.07
6360,1569.53
6361,1686.28
6362,1739.43
6363,1564.83
6364,1594.09
6365,1594.99
6366,1619.96
6367,1567.31
6368,1614.28
6369,1615.38
6370,1636.66
6371,1630.44
6372,1627.5
6373,1577.75
6374,1633.7
6375,1634.14
6376,1626.16
6377,1640.4
6378,1646.51
6379,1660.22
6380,1642.12
6381,1614.43
6382,1645.24
6383,1638.32
6384,1666.02
6385,1675.9
6386,1639.1
6387,1663.52
6388,1603.5
6389,1635.8
6390,1660.5
6391,1652.43
6392,1618.05
6393,1592.18
6394,1617.4
6395,1600.34
6396,1628.02
6397,1622.04
6398,1622.75
6399,1597.15
6400,1620.7
6401,1599.84
6402,1570
6403,1571.01
6404,1593.42
6405,1595.04
6406,1561.9
6407,1618.23
6408,1592.94
6409,1612.55
6410,1588.05
6411,1562.46
6412,1564.51
6413,1566.75
6414,1486.3
6415,1568.4
6416,1578.12
6417,1475.56
6418,1585.17
6419,1582.15
6420,1552.91
6421,1518.6
6422,1515.96
6423,1591.7
6424,1564.2
6425,1529.93
6426,1573.53
6427,1501.18
6428,1558.97
6429,1595.01
6430,1572.55
6431,1601.36
6432,1589.96
6433,1581.34
6434,1623.1
6435,1568.98
6436,1556.18
6437,1605.97
6438,1552.73
6439,1558.13
6440,1573.17
6441,1577.37
6442,1573.12
6443,1554
6444,1592.13
6445,1574.82
6446,1598.73
6447,1586.84
6448,1603.65
6449,1576.89
6450,1616.52
6451,1600.23
6452,1588.21
6453,1626.27
6454,1599.94
6455,1598.91
6456,1645.43
6457,1673.09
6458,1618.04
6459,1602.85
6460,1800.3
6461,1602.7
6462,1625.09
6463,1616.6
6464,1588.15
6465,1769.28
6466,1577.4
6467,1588.69
6468,1599.38
6469,90.6694
6470,1575.08
6471,77.6054
6472,124.9
6473,1543.99
6474,157.313
6475,1646.25
6476,1559.69
6477,104.27
6481,74
6482,1569.95
6483,1750.49
6484,1721
6485,1588.72
6486,1675.56
6487,1572.3
6488,1602.12
6489,1624.61
6490,1567.64
6491,1691.94
6492,1605.88
6493,1603.37
6494,1598.6
6495,1595.12
6496,1616.01
6497,1595.2
6498,1604.15
6499,1602.36
6500,1622.22
6501,1589.74
6502,1603.95
6503,1591.27
6504,1576.78
6505,1644.99
6506,1648.78
6507,1636.78
6508,1599.06
6509,1637.42
6510,1619.64
6511,1635.25
6512,1610.49
6513,1596.41
6514,1585.43
6515,1645.12
6516,1611.59
6517,1603.42
6518,1709.98
6519,1537.06
6520,1600.95
6521,1699.42
6522,1586.48
6523,1664.68
6524,1596.9
6525,1581.93
6526,1529.59
6527,1581.82
6528,1587.52
6529,1560.88
6530,1550
6586,1630.33
6587,1586.16
6588,1743.5
6589,1636.47
6590,1625.64
6591,1653.56
6592,1652.16
6593,1635.31
6594,1687.74
6595,1677.9
6596,1660.36
6597,1611.55
6598,1622.76
6599,1635.2
6600,1618.39
6601,1579.96
6602,1623.42
6603,1616.23
6604,1719.55
6605,1639.04
6606,1533.12
6607,1541.89
6608,1636.83
6609,1568.31
6610,1583.12
6611,1617.43
6612,1569.81
6613,1618.63
6614,1482.47
6615,1544.29
6616,1599.75
6617,1637.14
6618,1585.34
6619,1639.44
6620,1525.94
6621,1652.29
6622,1540.36
6623,1533.06
6624,1489.75
6625,1614.57
6626,1604.22
6627,1537.16
6628,1668.62
6629,1562.33
6630,1549.37
6631,1521.4
6632,1528.83
6633,1560.64
6634,1580.23
6635,1568.06
6636,1572.55
6637,1643.19
6638,1587.28
6639,1623.5
6640,1598.16
6641,1620.98
6642,1618.58
6643,1602.3
6644,1601.77
6645,1640.09
6646,1629.21
6647,1649.1
6648,1645.91
6649,1637.48
6650,1682.28
6651,1648.52
6652,1665.87
6653,1669.17
6654,1643.38
6655,1659.26
6656,1654.72
6657,1652.43
6658,1677.35
6659,1664.91
6660,1640.01
6661,1660.03
6662,1637.07
6663,1606.86
6664,1607.05
6665,1617.77
6666,1688.48
6667,1591.27
6668,1635.25
6669,1624.2
6670,1610.08
6671,1629.15
6672,1600.74
6673,1605.73
6674,1615.92
6675,1580.61
6676,1551.27
6677,1618.28
6678,1585.46
6679,1837.01
6680,1557.84
6681,1527.48
6682,1535.72
6683,1550.29
6684,1558.65
6685,1562.77
6686,1551.3
6687,1541.55
6688,1532.89
6689,1554.17
6690,1619.96
6691,1509.45
6692,1564.07
6693,1557.02
6694,1549.26
6695,1517.25
6696,1495.35
6697,1490.61
6698,1496.84
6699,1603.87
6700,1557
6701,1106.06
6702,1594.01
6703,1581.29
6704,1772.26
6705,1567.51
6706,1608.08
6707,1533.19
6708,1580.29
6709,1557.04
6710,1566.38
6711,1577.17
6712,1570.9
6713,1587.02
6714,1579.8
6715,1572.27
6716,1607.39
6717,1557.95
6718,1608.89
6719,1559.86
6720,1619.91
6721,1605.5
6722,1636.76
6723,1636.52
6724,1640.89
6725,1629.79
6726,1631.43
6727,1645.83
6728,1634.82
6729,1586.8
6730,1643.36
6731,1619.33
6732,1632.24
6733,1651.59
6734,1616.23
6735,1585.2
6736,1585.88
6737,1592.2
6738,1573.21
6739,1610.57
6740,1612.15
6741,1582.31
6742,1574.27
6743,1593.77
6744,1565.54
6745,1546.61
6746,1611.36
6747,1542.6
6748,1553.84
6749,1566.75
6750,1505.26
6751,1538.25
6752,1554.03
6753,1537.37
6754,1546.71
6755,1554.94
6756,1646.42
6757,1611.17
6758,1575.84
6759,1508.78
6760,1562.3
6761,1491.38
6762,2049.47
6763,1660.42
6764,1533.61
6765,1591.23
6766,1594.43
6767,1512.4
6768,1601.66
6769,1447.71
6770,1603.61
6771,1607.86
6772,1513.66
6773,1592.72
6774,1558.64
6775,1526.77
6776,1619.33
6777,1561.73
6778,1627.22
6779,1607.55
6780,1613.8
6781,1615.89
6782,1605.49
6783,1644.33
6784,1656.13
6785,1615.29
6786,1589.15
6787,1639.31
6788,1636.82
6789,1692.53
6790,1759.05
6791,80.5631
6792,1682.86
6794,1873.16
6795,1589.55
6796,120.323
6797,1606.22
6855,1654.07
6856,1601.51
6857,1642.11
6858,1471.04
6859,1540.21
6860,1527.28
6861,1462.01
6862,1609
6863,1591.95
6864,1536.85
6865,1568.96
6866,1618.48
6867,1615.15
6868,1546.76
6869,1526.75
6870,1557.59
6871,1579.65
6872,1519.47
6873,1560.73
6874,1626.94
6875,1601.17
6876,1700.87
6877,1666.5
6878,1613.34
6879,1585.44
6880,1492.64
6881,1541.73
6882,1687.57
6883,1615.96
6884,1659.3
6885,1692.2
6886,1662.5
6887,1648.28
6888,1576.73
6889,1640.45
6890,1674.96
6891,1658.91
6892,1621.29
6893,1645.25
6894,1568.12
6895,1601.84
6896,1574.84
6897,1560.47
6898,1583.45
6899,1547.43
6900,1596
6901,1551.12
6902,1624.67
6903,1639.66
6904,1605.69
6905,1665.95
6906,1606.57
6907,1636.56
6908,1656.12
6909,1628.17
6910,1628.04
6911,1667.03
6912,1643.06
6913,1673.29
6914,1665.19
6915,1727.6
6916,1670.55
6917,1637.29
6918,1652.89
6919,1667.23
6920,1690.54
6921,1682.26
6922,1706.15
6923,1651.4
6924,1648.59
6925,1639.95
6926,1617.85
6927,1626.45
6928,1626.06
6929,1669.44
6930,1656.5
6931,1633.48
6932,1664.77
6933,1619.7
6934,1620.74
6935,1651.47
6936,1607.72
6937,1637.71
6938,1619.59
6939,1562.12
6940,1589.72
6941,1615.58
6942,1567.78
6943,1605.12
6944,95.2511
6945,71.06
6946,1581.41
6947,1563.02
6948,1573.68
6949,1523.55
6950,1522.1
6951,1571.98
6952,1527.74
6953,1562.31
6954,1612.23
6955,1567.98
6956,1586.03
6957,1533.24
6958,1520.64
6959,1567.47
6960,1500.46
6961,1524.35
6962,1500.25
6963,1471.15
6964,1591.53
6965,1541.01
6966,1555.21
6967,1522.87
6968,1576.56
6969,1600.24
6970,1572.08
6971,1515.3
6972,1561.78
6973,1582.76
6974,1568.76
6975,1581.2
6976,1560.94
6977,1589.76
6978,1586.51
6979,1583.77
6980,1623.83
6981,1579.05
6982,1596.62
6983,1615.97
6984,1600.62
6985,1585.1
6986,1622.3
6987,1594.89
6988,1653.18
6989,1590.96
6990,1615.49
6991,1652
6992,1635.36
6993,1630.33
6994,1815.19
6995,1613.86
6996,1630.17
6997,1602.04
6998,1585.9
6999,1662.06
7000,1606.55
7001,1628.09
7002,1614.4
7003,1596.83
7004,1622.14
7005,1606.58
7006,1568.91
7007,1578.03
7008,1668.01
7009,1614.9
7010,1583.03
7011,1573.01
7012,1570.68
7013,1536.89
7014,1520.9
7015,1556.86
7016,1532.2
7017,1531.39
7018,1545.08
7019,1526.11
7020,1613.81
7021,1635.07
7022,1616.64
7023,1610.82
7024,1448.43
7025,1517.27
7026,1724.97
7027,1561.12
7028,1541.5
7029,1585.17
7030,1526.55
7031,1576.32
7032,1488.68
7033,1471.44
7034,1591.88
7035,1555.88
7036,1643.26
7037,1565.24
7038,1595.79
7039,1580.37
7040,1511.92
7041,1544.71
7042,1578.46
7043,1461.8
7044,1541.92
7045,1555.77
7046,1595.27
7047,1637.95
7048,1539.81
7049,1525.72
7050,1591.21
7051,1617.38
7052,1534.47
7053,1498.18
7054,1461.07
7055,1510.36
7057,1643.93
7058,90.7006
7062,74.3223
7063,75.184
7118,2148.63
7119,1604.06
7120,1677.55
7121,2283.42
7122,3100.01
7123,1774.76
7124,1673.64
7125,1469.22
7126,1503.57
7127,1599.39
7128,1632.64
7129,1542.19
7130,1543.46
7131,1593.5
7132,1536.84
7133,1691.35
7134,1627.22
7135,1553.5
7136,1494.09
7137,1562.71
7138,1517.57
7139,1565.64
7140,1536.48
7141,1503.89
7142,1563.63
7143,1567.21
7144,1562.48
7145,1600.73
7146,1574.54
7147,1575.01
7148,1601.38
7149,1517.05
7150,1568.48
7151,1518.17
7152,1655.09
7153,1588.97
7154,2102.98
7156,1558.38
7157,2149.51
7158,1567.95
7159,1561.91
7160,1933.31
7161,1663.07
7162,1697.37
7163,1689.76
7164,1627.27
7165,1672.16
7166,1680.7
7167,1648.54
7168,1667.99
7169,1638.78
7170,1610.12
7171,1704.29
7172,1637.11
7173,1612.73
7174,1680.01
7175,1640.68
7176,1671.33
7177,1660.27
7178,1624.94
7179,1657.85
7180,1596.6
7181,1614.41
7182,1632.74
7183,1629.44
7184,1660.38
7185,1666.63
7186,1607.56
7187,1650.7
7188,1645.75
7189,1598.99
7190,1664.16
7191,1599.03
7192,1505.31
7193,1768.32
7194,1531.07
7195,1507.31
7196,1761.45
7197,1469.03
7198,1625.08
7199,1587.67
7200,1636.11
7201,1566.22
7202,1523.62
7203,1580.97
7205,1558.47
7206,1573.12
7207,1521.87
7208,1544.29
7209,1673.9
7210,1524.42
7211,1598.86
7212,1681.65
7213,1508.46
7214,1603.38
7215,1575.83
7216,1634.86
7217,1550.23
7218,1486.21
7219,1547.41
7220,1605.47
7221,1559.16
7222,1627.58
7223,1549.94
7224,1536.02
7225,1557.85
7226,1452.67
7227,1551.32
7228,1542.99
7229,1512.52
7230,1578.54
7231,1545.78
7232,1574.95
7233,1587.22
7234,1415.44
7235,1468.66
7236,1607.79
7237,1470.43
7238,1647.69
7239,1564.5
7240,1486.97
7241,1625.5
7242,1571.01
7243,1601.76
7244,1602.83
7245,1574.95
7246,1625.54
7247,1604.82
7248,1595.7
7249,1630.15
7250,1596.59
7251,1612.72
7252,1569.44
7253,1594.6
7254,1588.53
7255,1592.25
7256,1608.4
7257,1629.81
7258,1546.66
7259,1613.34
7260,1593.62
7261,1565.62
7262,1610.75
7263,1604.43
7264,1589.05
7265,1585.84
7266,1604.9
7267,1634.48
7268,1595.49
7269,1497.93
7270,1588.32
7271,1524.65
7272,1539.66
7273,1669.89
7274,1509.84
7275,1644.95
7276,1506.33
7277,1671.31
7278,1555.99
7279,1575.94
7280,1599.63
7281,1541.5
7282,1480.61
7283,1490.32
7284,1533.72
7285,1478.65
7286,1519.55
7287,1474.75
7288,1489.2
7289,1482.04
7290,1433.21
7291,1504.03
7292,1486.63
7293,1481.48
7294,1511.62
7295,1488.18
7296,1555.94
7297,1602.77
7298,1595.64
7299,1560.9
7300,1534.71
7301,1470.13
7302,1531.35
7303,1562.12
7304,1579.09
7305,1554.29
7306,1505.68
7307,1608.3
7308,1528.47
7309,1632.83
7310,1589.5
7311,1549.6
7312,1551.95
7313,1592.59
7375,1464.58
7376,1548.88
7377,1531.57
7378,1464.78
7379,1675.48
7380,1632.61
7381,1582.72
7382,1691.44
7383,1502.86
7384,1667.77
7385,1517.55
7386,1514.63
7387,1527.74
7388,1553.34
7389,1551.5
7390,1544.65
7391,1695.02
7392,1567.63
7393,1727.04
7394,1508.59
7395,1557.48
7396,1609.72
7397,1532.99
7398,1748.71
7399,1773.64
7400,1555.53
7401,1910.96
7402,1730.33
7403,1719.62
7404,1733.21
7405,1653.83
7406,1704.02
7407,1661.55
7408,1713.43
7409,1643.85
7410,1791.64
7411,1670.7
7412,1785.28
7413,1647.37
7414,1690.5
7415,1625.8
7416,1634.34
7417,1652.85
7418,1665.31
7419,1687.38
7420,1656.58
7421,1624.56
7422,1694.36
7423,1652.51
7424,1691.6
7425,1656.04
7426,1615.91
7427,1672.61
7428,1581.72
7429,1647.3
7430,1665.25
7431,1626.83
7432,1671.89
7433,1653.42
7434,1616.62
7435,1580.53
7436,1633.9
7437,1523.25
7438,1653.64
7439,1525.53
7440,1538.88
7441,1545.52
7442,1559.67
7443,1653.63
7444,1526.8
7445,1489.19
7446,1573.73
7447,1606.63
7448,1632.34
7449,1518.12
7450,1537.86
7451,1476.23
7452,1513.57
7453,1481.23
7454,1537.42
7455,1520.29
7456,1570.01
7457,1587.93
7458,1541.11
7459,1562.73
7460,1520.51
7461,1581.11
7462,1586.59
7463,1566.93
7464,1608.02
7465,1580.55
7466,1526.58
7467,1645.99
7468,1543.92
7469,1494.45
7470,1557.22
7471,1524.84
7472,1573.71
7473,1616.45
7474,1520.46
7475,1578.89
7476,1529.04
7477,1538.02
7478,1567.96
7479,1499.16
7480,1558.99
7481,1571.11
7482,1602.12
7483,1498.04
7484,1455.36
7485,1462.76
7486,1442.69
7487,1561.04
7488,1594.78
7489,1514.66
7490,1440.54
7491,1595.94
7492,1459.12
7493,1507.54
7494,1635.1
7495,1538.94
7496,1547.49
7497,1650.02
7498,1506.2
7499,1581.86
7500,1594.12
7501,1566.57
7502,1630.28
7503,1579.12
7504,1612.63
7505,1633.26
7506,1581.31
7507,1619.34
7508,1596.45
7509,1576.24
7510,1567.82
7511,1579.43
7512,1621.15
7513,1612.23
7514,1536.56
7515,1616.23
7516,1590.95
7517,1592.03
7518,1621.55
7519,1592.05
7520,1610.08
7521,1820.35
7522,1606.84
7523,1848.93
7524,1614.77
7525,1574.77
7526,1571.43
7527,1473.03
7528,1553.21
7529,1505.44
7530,1515.21
7531,1562.92
7532,1536.16
7533,1567.64
7534,1652.69
7535,1572.84
7536,1632.53
7537,1564.02
7538,1511.58
7539,1559.16
7540,1580.16
7541,1519.25
7542,1617.19
7543,1595.79
7544,1519.33
7545,1541.04
7546,1498.62
7547,1571.71
7548,1540.49
7549,1514.2
7550,1532.04
7551,1597.37
7552,1663.79
7553,1686.37
7554,1628.39
7555,1668.61
7556,1645.95
7557,1525.68
7558,1558.42
7559,1562.76
7560,1589.36
7561,1664.62
7623,1619.69
7624,1554.98
7625,1506.17
7626,1530.49
7627,1534.58
7628,1696.2
7629,1568.43
7630,1611.42
7631,1506.56
7632,1542.28
7633,1652.12
7634,1605.44
7635,1651.33
7636,1461.94
7637,1492.87
7638,1720.09
7639,1819.19
7640,1752.45
7641,1792.5
7642,1736.34
7643,1827.32
7644,1698.86
7645,1764.81
7646,1733.98
7647,1817.81
7648,1660.96
7649,1907.83
7650,1715.86
7651,1664.66
7652,1639.19
7653,1633.05
7654,1818.51
7655,1645.44
7656,1644.02
7657,1648.07
7658,1682.21
7659,1679.11
7660,1656.53
7661,1651.48
7662,1675.36
7663,1684.3
7664,1615.64
7665,141.126
7666,1637.41
7667,85.9568
7668,1630.8
7669,1612.58
7670,1656.42
7671,1650.63
7672,1648.89
7673,1601.36
7674,1688.75
7675,1677.54
7676,1645.87
7677,1644.84
7678,1614.49
7679,1558.06
7680,1537.19
7681,1565.66
7682,1574.1
7683,1579.96
7684,1527.39
7685,1527.83
7686,1570.98
7687,1573.81
7688,1606.34
7689,1501.3
7690,1532.32
7691,1528.57
7692,1544.4
7693,1562.94
7694,1549.2
7695,1516.42
7696,1468.41
7697,1476.62
7698,1592.99
7699,1610.89
7700,1537.12
7701,1648.6
7702,1537.71
7703,1581.96
7704,1487.02
7705,1529.3
7706,1536.3
7707,1552.02
7708,1533.31
7709,1596.9
7710,1541.44
7711,1603.57
7712,1550.34
7713,1609.21
7714,1565.02
7715,1583.87
7716,1568.76
7717,1533.84
7718,1566.23
7719,1560.7
7720,1518.65
7721,1546.1
7722,1568.94
7723,1536.4
7724,1596.23
7725,1589.19
7726,1565.21
7727,1576.42
7728,1411.52
7729,1433.73
7730,1461.89
7731,1483.11
7732,1476.03
7733,1497.8
7734,1436.57
7735,1478.71
7736,1540.09
7737,1443.98
7738,1516.11
7739,1526.22
7740,1510.13
7741,1502.72
7742,1546.92
7743,1539.89
7744,1547.82
7745,1555.06
7746,1569.43
7747,1577.95
7748,1580.18
7749,1606.84
7750,1616.39
7751,1644.21
7752,1590.65
7753,1582.38
7754,1593.85
7755,1588.33
7756,1560.44
7757,1573.31
7758,1608.12
7759,1581.39
7760,1564.62
7761,1697.65
7762,1618.89
7763,1592.28
7764,1589.58
7765,1574.85
7766,1577.13
7767,1625.21
7768,1580.85
7769,1579.88
7770,1582.39
7771,1568.01
7772,1584.72
7773,1547.03
7774,1579.09
7775,1535.6
7776,1524.62
7777,1577.75
7778,1607.99
7779,1526.99
7780,1526.98
7781,1600.03
7782,1593.23
7783,1548.56
7784,1569
7785,1644.06
7786,1671.41
7787,1556.32
7788,1523.32
7789,1505.97
7790,1649.26
7791,1631.66
7792,1545.88
7793,1635
7794,1548.19
7795,1501.5
7796,1567.32
7797,1549.39
7798,1529.11
7799,1572.31
7800,1538.45
7801,1539.64
7802,1530.27
7865,1492.55
7866,1565.97
7867,1613.34
7868,1593.46
7869,1847.48
7870,1638.05
7871,1657.88
7872,1653.51
7873,1618.9
7874,1771.49
7875,1615.04
7876,1739.22
7877,1664.15
7878,1646.48
7879,1875.86
7880,1676.53
7881,1774.5
7882,1802.99
7883,1629.62
7884,1612.89
7885,1717.72
7886,1607.83
7887,1675.07
7888,1696.49
7889,1619.45
7890,1702.18
7891,1680.14
7892,1630.14
7893,1686.78
7894,1659.33
7895,1691.85
7896,1731.4
7897,1657.43
7898,1683.23
7899,99.7907
7900,1644.65
7902,1717.07
7903,1626.85
7904,1675.88
7905,1591.25
7906,1906.24
7907,1628.8
7908,1688.47
7909,1656.96
7910,1603.24
7911,1658.07
7912,1676.06
7913,1656.47
7914,1653.95
7915,1625.01
7916,1581.59
7917,1685.84
7918,1685.96
7919,1645.06
7920,1649.58
7921,1560.05
7922,1590.4
7923,1669.52
7924,1519.92
7925,1616.6
7926,1548.19
7927,1531.52
7928,1566.12
7929,1619.99
7930,1627.45
7931,1532.93
7932,1535.05
7933,1577.45
7934,1549.35
7935,1622.75
7936,1696.81
7937,1534.98
7938,1590.77
7939,1543.99
7940,1534.37
7941,1607.94
7942,1583.79
7943,1535.47
7944,1518.83
7945,1472.26
7946,1674.04
7947,1583.11
7948,1536.69
7949,1706.28
7950,1548.18
7951,1625.86
7952,1645.56
7953,1493.94
7954,1635.35
7955,1571.34
7956,1521.56
7957,1559.25
7958,1506.14
7959,1533.12
7960,1598.37
7961,1546.82
7962,1548.14
7963,1507.34
7964,1562.51
7965,1623.31
7966,1722.88
7967,1576.62
7968,1535.55
7969,1483.82
7970,1630.99
7971,1471.54
7972,1610.25
7973,1580.96
7974,1480.15
7975,1544.9
7976,1612.81
7977,1534.21
7978,1668.62
7979,1668.38
7980,1575.17
7981,1572.58
7982,1585.24
7983,1602
7984,1584.25
7985,1550.16
7986,1600.29
7987,1581.64
7988,1624.89
7989,1610.05
7990,1595.69
7991,1616.26
7992,1640.1
7993,1578.86
7994,1629.82
7995,1627.21
7996,1537.31
7997,1668.46
7998,1595.56
7999,1564.99
8000,1663.79
8001,1617.79
8002,1612.19
8003,1619.88
8004,1577.23
8005,1648.92
8006,1586.31
8007,1612.8
8008,1632.37
8009,1560.54
8010,1627.19
8011,1609.04
8012,1580.08
8013,1636.89
8014,1558.2
8015,1603.19
8016,1651.43
8017,1562.52
8018,1663.5
8019,1570.79
8020,1602.43
8021,1597.21
8022,1584.27
8023,1577.25
8024,1605.45
8025,1562.77
8026,1591.15
8027,1552.3
8028,1609.72
8029,1576.93
8030,1570.54
8031,1661.59
8032,1625.76
8033,1582.03
8034,1558.42
8035,1570.52
8036,1523.29
8099,1558.19
8100,1612.42
8101,1561.25
8102,1586.6
8103,1614.56
8104,1570.02
8105,1654.57
8106,1617.34
8107,1622.79
8108,1654.69
8109,1597.08
8110,1647.63
8111,1623.7
8112,1609.97
8113,1878.82
8114,1682.55
8115,1645.49
8116,1694.65
8117,1653.17
8118,1684.22
8119,1666.65
8120,1652.79
8121,1668.51
8122,1651.92
8123,1676.38
8124,1708.86
8125,1628.7
8126,78.097
8127,1821.5
8128,1597.98
8129,84.3639
8130,1623.83
8131,79.5966
8132,1662.29
8133,1591.57
8134,1549.27
8135,1625.27
8136,1605.59
8137,1616.38
8138,1630.48
8139,1578.77
8140,1653.6
8141,1607.58
8142,1598.2
8143,1639.53
8144,1608.07
8145,1646.26
8146,1637.91
8147,1595.91
8148,1643.69
8149,1579.68
8150,1577.25
8151,1608.94
8152,1543.42
8153,1538.33
8154,1676.38
8155,1578.25
8156,1600
8157,1649.88
8158,1559.85
8159,1619.26
8160,1498.18
8161,1551.89
8162,1611.27
8163,1559.11
8164,1587.36
8165,1698.93
8166,1534.79
8167,1567.55
8168,1660.82
8169,1604.71
8170,1631.9
8171,1545.04
8172,1599.93
8173,1569.99
8174,1673.36
8175,1621.17
8176,1602.44
8177,1621.45
8178,1627.25
8179,1727.5
8180,1631.37
8181,1628.77
8182,1611.76
8183,1617.27
8184,1571.66
8185,1603.95
8186,1605.22
8187,1636.19
8188,1590.18
8189,1577.76
8190,1538.2
8191,1642.57
8192,1628.13
8193,1556.55
8194,1506.12
8195,1502.89
8196,1530.91
8197,1626.96
8198,1514.26
8199,1541.6
8200,1496.19
8201,1551.79
8202,1599.68
8203,1477.94
8204,1574.6
8205,1655.2
8206,1585.91
8207,1641.66
8208,1530.93
8209,1546.91
8210,1559.5
8211,1518.11
8212,1586.45
8213,1539.96
8214,1549.92
8215,1595.7
8216,1554.25
8217,1605.64
8218,1601.83
8219,1585.02
8220,1618.86
8221,1580.06
8222,1572.38
8223,1598
8224,1561.19
8225,1617.21
8226,1606.01
8227,1561.65
8228,1647.73
8229,1616.47
8230,1631.53
8231,1649.32
8232,1609.67
8233,1662.86
8234,1633.03
8235,1604.9
8236,1639.27
8237,1621.88
8238,1582.56
8239,1651.26
8240,1572.85
8241,1612.96
8242,1777.6
8243,1594.39
8244,1619.23
8245,1579.54
8246,1604.79
8247,1634.65
8248,1548.29
8249,1619.2
8250,1632.43
8251,1625.87
8252,1596.4
8253,1585.33
8254,1561.55
8255,1605.17
8256,1576.79
8257,1612.84
8258,1609.61
8259,1582.2
8260,1604.08
8261,1555.12
8262,1551.68
8326,1572.18
8327,1611.48
8328,1585.14
8329,1576.57
8330,1753.62
8331,1580.78
8332,1583.26
8333,1611.6
8334,1596.84
8335,1624.49
8336,1573.05
8337,1601.58
8338,1600.81
8339,1574.69
8340,1645.4
8341,1641.04
8342,1641.06
8343,1590.07
8344,1670.82
8345,1604.39
8346,1680.17
8347,1584.2
8348,1615.5
8349,1614.12
8350,1628.53
8351,1670.04
8352,1562.29
8353,1630.13
8354,1579.65
8355,1581.21
8356,1612.9
8357,1663.79
8358,1561.04
8359,1603.16
8360,1516.58
8361,1575.94
8362,1629.42
8363,1575.35
8364,1597.52
8365,1547.31
8366,1571.53
8367,1593.65
8368,1521.51
8369,1575.5
8370,1703.55
8371,1597.79
8372,1574.41
8373,1551.13
8374,1567.33
8375,1564.26
8376,1500.61
8377,1646.09
8378,1599.72
8379,1656.61
8380,1676.53
8381,1487.85
8382,1555.51
8383,1532.81
8384,1510.27
8385,1584.76
8386,1508.57
8387,1603.52
8388,1693.34
8389,1545.06
8390,1507.8
8391,1685.66
8392,1515.35
8393,1610.58
8394,1592.05
8395,1554.42
8396,1572.27
8397,1556.07
8398,1620.39
8399,1575.74
8400,1594.11
8401,1559.16
8402,1598.82
8403,1590.03
8404,1558.71
8405,1566.89
8406,1529.88
8407,1642.4
8408,1564.79
8409,1572.84
8410,1574.24
8411,1562.19
8412,1605.55
8413,1601.58
8414,1632.26
8415,1611.67
8416,1525.76
8417,1522.49
8418,1466.73
8419,1571.54
8420,1616.37
8421,1494.05
8422,1541.11
8423,1527.88
8424,1400.54
8425,1531.67
8426,1478.35
8427,1606.49
8428,1699.22
8429,1686.21
8430,1646.02
8431,1555.75
8432,1536.18
8433,1534.15
8434,1603.48
8435,1529.97
8436,1569.07
8437,1606.18
8438,1526.39
8439,1588.65
8440,1529.09
8441,1569.81
8442,1535.78
8443,1538.3
8444,1594.46
8445,1670.75
8446,1541.74
8447,1604.33
8448,1519.93
8449,1557.29
8450,1685.95
8451,1735.79
8452,1610.96
8453,1654.27
8454,1628.39
8455,1691.07
8456,1595.15
8458,1620.3
8459,1595.83
8460,1627.78
8461,1587.06
8462,1584.41
8463,1618.33
8464,1632.15
8465,1567.23
8466,1675.17
8467,1574.01
8468,1570.56
8469,1584.45
8470,1590.08
8471,1614.54
8472,1554.54
8473,1584.7
8474,1609.44
8475,1577.3
8476,1586.19
8477,1569.73
8478,1563.87
8479,1588.26
8480,1551.64
8481,1554.83
8546,1587.48
8547,1609.3
8548,1576.18
8549,1569.01
8550,1614.58
8551,1619.21
8552,1623.46
8553,1611.5
8554,1593.3
8555,1637.23
8556,1587.82
8557,1583.57
8558,1588.93
8559,1600.52
8560,1612.34
8561,1613.27
8562,1630.04
8563,1722.45
8564,1597.1
8565,1573.91
8566,1763.1
8567,1694.65
8568,1809.31
8569,1546.54
8570,1538.78
8571,1549.54
8572,1549.39
8573,1542.88
8574,1607.25
8575,1537.89
8576,1528.48
8577,1590.42
8578,1601.58
8579,1610.22
8580,1597.87
8581,1536.63
8582,1562.01
8583,1568.39
8584,1586.76
8585,1584.24
8586,1564.28
8587,1543.39
8588,1549.33
8589,1560.54
8590,1696.02
8591,1527.43
8592,1676.99
8593,1586.22
8594,1550.01
8595,1530.53
8596,1515.49
8597,1465.37
8598,1592.67
8599,1480.67
8600,1469.5
8601,1529.62
8602,1486.25
8603,1511.92
8604,1497.04
8605,1462.25
8606,1503.01
8607,1647.26
8608,1629.74
8609,1578.03
8610,1570.4
8611,1604.65
8612,1568.02
8613,1585.68
8614,1587.99
8615,1618.4
8616,1597.58
8617,1613.15
8618,1585.57
8619,1547.77
8620,1607.88
8621,1532.88
8622,1583.39
8623,1582
8624,1573.22
8625,1614.75
8626,1569.43
8627,1596.6
8628,1588.73
8629,1573.7
8630,1596.85
8631,1583.04
8632,1642.55
8633,1513.26
8634,1483.88
8635,1501.85
8636,1496.52
8637,1487.51
8638,1529.5
8639,1437.59
8640,1452.6
8641,1570.5
8642,1449.93
8643,1588.03
8644,1476.88
8645,1584.64
8646,1621.58
8647,1543.24
8648,1523.63
8649,1600.89
8650,1579.39
8651,1577.48
8652,1488.01
8653,1496.42
8654,1521.22
8655,1562.58
8656,1586.3
8657,1567.27
8658,1539.94
8659,1571.3
8660,1500.33
8661,1561.31
8662,1575.54
8663,1561.75
8664,1534
8665,1533.61
8666,1563.52
8667,1587.57
8668,1585.29
8669,1486.64
8670,1517.98
8671,1652.54
8672,1692.53
8673,1579.82
8674,1581.77
8675,1703.14
8676,1559.05
8677,1597.65
8678,1594.31
8679,1577.86
8680,1573.38
8681,1579.9
8682,1586.3
8683,1615.72
8684,1555.39
8685,1562.65
8686,1582.31
8687,1567.19
8688,1575.15
8689,1572.09
8690,1552.48
8691,1570.77
8692,1597.4
8693,1557.7
8758,1723.35
8759,1645.04
8760,1878.58
8761,1585.43
8762,1744.23
8763,1662.61
8764,1639.55
8765,1609.34
8766,1600.7
8767,1616.93
8768,1575.95
8769,1607.96
8770,1591.23
8771,1512.85
8772,1712.41
8773,1548.97
8774,1504.15
8775,1697.02
8776,1700.68
8777,1557.78
8778,1501.18
8779,1648.46
8780,1593.93
8781,1622.68
8782,1751.45
8783,1580.73
8784,1649.47
8785,1599.3
8786,1631.79
8787,1562.14
8788,1541.89
8789,1654.84
8790,1674.26
8791,1592.98
8792,1562.24
8793,1572.53
8794,1630.58
8795,1690.74
8796,1578.18
8797,1488.34
8798,1728.16
8799,1550.5
8800,1573.92
8801,1600.07
8802,1851.66
8803,1422.57
8804,1632.45
8805,1525.4
8806,1624.6
8807,1501.8
8808,1509.56
8809,1531.47
8810,1594.15
8811,1505.35
8812,1513.57
8813,1524.07
8814,1494.69
8815,1504.7
8816,1511.27
8817,1588.66
8818,1596.01
8819,1616.15
8820,1606.38
8821,1521.91
8822,1579
8823,1598.89
8824,1633.17
8825,1606.73
8826,1591.74
8827,1555.75
8828,1582.61
8829,1535.25
8830,1581.17
8831,1587.24
8832,1599.82
8833,1591.96
8834,1551.59
8835,1546.59
8836,1617.19
8837,1606.6
8838,1532.39
8839,1534.28
8840,1519.38
8841,1525.33
8842,1527.43
8843,1526.04
8844,1510.21
8845,1589.15
8846,1465.35
8847,1465.8
8848,1486.65
8849,1580.41
8850,1479.48
8851,1588.02
8852,1621.41
8853,1740.28
8854,1680.18
8855,1565.56
8856,1581.36
8857,1551.12
8858,1546.36
8859,1613.55
8860,1554.43
8861,1537.13
8862,1517.94
8863,1568.78
8864,1561.08
8865,1631.33
8866,1568.39
8867,1539.55
8868,1529.44
8869,1598.84
8870,1584.42
8871,1561.3
8872,1666.17
8873,1725.68
8874,1625.64
8875,1668.44
8876,1647.66
8877,1552.56
8878,1515.8
8879,1659.84
8880,1632.67
8881,1536.56
8882,1570.14
8883,1530.17
8884,1627.06
8885,1542.41
8886,1585.75
8887,1594.15
8888,1512.51
8889,1588.09
8890,1573.82
8891,1764.18
8892,1609.81
8893,1756.61
8894,1556.07
8895,1574.16
8896,1788.64
8897,1686.46
8962,1727.8
8963,1810.54
8964,1572.55
8965,1601.43
8966,1585.86
8967,1539.56
8968,1527.43
8969,1665.05
8970,1561.19
8971,1524.67
8972,1527.25
8973,1579.98
8974,1803.53
8975,1595.76
8976,1576.3
8977,1650.86
8978,1544.14
8979,1624.44
8980,1545.06
8981,1628.14
8982,1605.36
8983,1580.54
8984,1573.96
8985,1724.32
8986,1577.34
8987,1619.39
8988,1596.06
8989,1549.03
8990,1599.69
8991,1599.53
8992,1577.41
8993,1603.62
8994,1586.52
8995,1552.18
8996,1582.9
8997,1619.23
8998,1637.3
8999,1647.46
9000,1787.76
9001,1589.51
9002,1619.63
9003,1557.37
9004,1630.67
9005,1643.37
9006,1669.47
9007,1549.46
9008,1644.01
9009,1575.55
9010,1535.66
9011,1576.17
9012,1549.78
9013,1596.68
9014,1563.9
9015,1519.36
9016,1562.81
9017,1560.57
9018,1587.89
9019,1568.82
9020,1604.81
9021,1547.01
9022,1579.12
9023,1612.87
9024,1599.51
9025,1589.66
9026,1729.74
9027,1528.82
9028,1605.11
9029,1678.05
9030,1542.93
9031,1566.02
9032,1543.24
9033,1565.09
9034,1563.17
9035,1593.94
9036,1590.83
9037,1589.9
9038,1538.55
9039,1538.53
9040,1573.44
9041,1605.71
9042,1588.43
9043,1577.13
9044,1576.86
9045,1534.49
9046,1511.55
9047,1601.86
9048,1661.64
9049,1651.01
9050,1617.56
9051,1594.52
9052,1606.82
9053,1539.48
9054,1545.36
9055,1580.31
9056,1516.43
9057,1629.2
9058,1528.28
9059,1500.3
9060,1547.29
9061,1509.45
9062,1539.01
9063,1547.11
9064,1492.27
9065,1539.43
9066,1533.45
9067,1543.43
9068,1519.35
9069,1549.06
9070,1625.92
9071,1546.99
9072,1570.72
9073,1551.11
9074,1541.2
9075,1605.8
9076,1554.88
9077,1482.19
9078,1606.74
9079,1538.08
9080,1534.48
9081,1675.22
9082,1571.77
9083,1528.45
9084,1529.83
9085,1503.28
9086,1606.34
9087,1472.37
9088,1532.65
9089,1502.06
9090,1567.18
9091,1677.08
9092,1622.9
9093,1609.99
