CoboID,AsadID,AgetID,ChannelID,PadID
0,1,0,12,1
0,0,0,13,2
0,0,0,12,3
0,1,0,9,4
0,1,0,10,5
0,1,0,13,6
0,0,0,10,7
0,0,0,9,8
0,1,0,7,9
0,1,0,8,10
0,1,1,20,11
0,0,1,19,12
0,0,1,20,13
0,0,0,8,14
0,0,0,7,15
0,1,0,5,16
0,1,0,6,17
0,1,1,23,18
0,1,1,21,19
0,1,1,19,20
0,0,1,21,21
0,0,1,23,22
0,0,0,6,23
0,0,0,5,24
0,1,0,20,25
0,1,0,21,26
0,1,1,25,27
0,1,1,24,28
0,1,2,41,29
0,0,2,42,30
0,0,2,41,31
0,0,1,24,32
0,0,1,25,33
0,0,0,21,34
0,0,0,20,35
0,1,0,18,36
0,1,0,19,37
0,1,1,27,38
0,1,1,26,39
0,1,2,39,40
0,1,2,40,41
0,1,2,42,42
0,0,2,40,43
0,0,2,39,44
0,0,1,26,45
0,0,1,27,46
0,0,0,19,47
0,0,0,18,48
0,1,0,16,49
0,1,0,17,50
0,1,1,29,51
0,1,1,28,52
0,1,2,37,53
0,1,2,38,54
0,1,2,44,55
0,0,2,43,56
0,0,2,44,57
0,0,2,38,58
0,0,2,37,59
0,0,1,28,60
0,0,1,29,61
0,0,0,17,62
0,0,0,16,63
0,1,0,14,64
0,1,0,15,65
0,1,1,31,66
0,1,1,30,67
0,1,2,35,68
0,1,2,36,69
0,1,2,47,70
0,1,2,46,71
0,1,2,43,72
0,0,2,46,73
0,0,2,47,74
0,0,2,36,75
0,0,2,35,76
0,0,1,30,77
0,0,1,31,78
0,0,0,15,79
0,0,0,14,80
0,1,0,32,81
0,1,0,31,82
0,1,1,33,83
0,1,1,32,84
0,1,1,37,85
0,1,1,36,86
0,1,2,49,87
0,1,2,48,88
0,1,3,50,89
0,0,3,49,90
0,0,3,50,91
0,0,2,48,92
0,0,2,49,93
0,0,1,36,94
0,0,1,37,95
0,0,1,32,96
0,0,1,33,97
0,0,0,31,98
0,0,0,32,99
0,1,0,34,100
0,1,0,33,101
0,1,1,35,102
0,1,1,34,103
0,1,1,39,104
0,1,1,38,105
0,1,2,51,106
0,1,2,50,107
0,1,3,52,108
0,1,3,51,109
0,1,3,49,110
0,0,3,51,111
0,0,3,52,112
0,0,2,50,113
0,0,2,51,114
0,0,1,38,115
0,0,1,39,116
0,0,1,34,117
0,0,1,35,118
0,0,0,33,119
0,0,0,34,120
0,1,0,36,121
0,1,0,35,122
0,1,0,24,123
0,1,0,23,124
0,1,1,41,125
0,1,1,40,126
0,1,2,53,127
0,1,2,52,128
0,1,3,54,129
0,1,3,53,130
0,1,2,66,131
0,0,1,66,132
0,0,2,66,133
0,0,3,53,134
0,0,3,54,135
0,0,2,52,136
0,0,2,53,137
0,0,1,40,138
0,0,1,41,139
0,0,0,23,140
0,0,0,24,141
0,0,0,35,142
0,0,0,36,143
0,1,0,38,144
0,1,0,37,145
0,1,0,26,146
0,1,0,25,147
0,1,1,43,148
0,1,1,42,149
0,1,2,55,150
0,1,2,54,151
0,1,3,57,152
0,1,3,55,153
0,1,0,3,154
0,1,3,66,155
0,1,1,66,156
0,0,3,66,157
0,0,0,3,158
0,0,3,55,159
0,0,3,57,160
0,0,2,54,161
0,0,2,55,162
0,0,1,42,163
0,0,1,43,164
0,0,0,25,165
0,0,0,26,166
0,0,0,37,167
0,0,0,38,168
0,1,0,46,169
0,1,0,47,170
0,1,0,28,171
0,1,0,27,172
0,1,1,51,173
0,1,1,52,174
0,1,2,58,175
0,1,2,57,176
0,1,3,59,177
0,1,3,58,178
0,1,3,3,179
0,1,3,2,180
0,1,3,7,181
0,0,3,6,182
0,0,3,7,183
0,0,3,2,184
0,0,3,3,185
0,0,3,58,186
0,0,3,59,187
0,0,2,57,188
0,0,2,58,189
0,0,1,52,190
0,0,1,51,191
0,0,0,27,192
0,0,0,28,193
0,0,0,47,194
0,0,0,46,195
0,1,0,43,196
0,1,0,44,197
0,1,0,30,198
0,1,0,29,199
0,1,1,49,200
0,1,1,50,201
0,1,2,60,202
0,1,2,59,203
0,1,3,61,204
0,1,3,60,205
0,1,3,5,206
0,1,3,4,207
0,1,3,9,208
0,1,3,8,209
0,1,3,6,210
0,0,3,8,211
0,0,3,9,212
0,0,3,4,213
0,0,3,5,214
0,0,3,60,215
0,0,3,61,216
0,0,2,59,217
0,0,2,60,218
0,0,1,50,219
0,0,1,49,220
0,0,0,29,221
0,0,0,30,222
0,0,0,44,223
0,0,0,43,224
0,1,0,41,225
0,1,0,42,226
0,1,0,57,227
0,1,0,55,228
0,1,1,47,229
0,1,1,48,230
0,1,2,62,231
0,1,2,61,232
0,1,3,63,233
0,1,3,62,234
0,1,2,5,235
0,1,2,4,236
0,1,3,12,237
0,1,3,10,238
0,1,3,16,239
0,0,3,15,240
0,0,3,16,241
0,0,3,10,242
0,0,3,12,243
0,0,2,4,244
0,0,2,5,245
0,0,3,62,246
0,0,3,63,247
0,0,2,61,248
0,0,2,62,249
0,0,1,48,250
0,0,1,47,251
0,0,0,55,252
0,0,0,57,253
0,0,0,42,254
0,0,0,41,255
0,1,0,39,256
0,1,0,40,257
0,1,0,59,258
0,1,0,58,259
0,1,1,44,260
0,1,1,46,261
0,1,2,64,262
0,1,2,63,263
0,1,3,65,264
0,1,3,64,265
0,1,2,7,266
0,1,2,6,267
0,1,3,14,268
0,1,3,13,269
0,1,3,18,270
0,1,3,17,271
0,1,3,15,272
0,0,3,17,273
0,0,3,18,274
0,0,3,13,275
0,0,3,14,276
0,0,2,6,277
0,0,2,7,278
0,0,3,64,279
0,0,3,65,280
0,0,2,63,281
0,0,2,64,282
0,0,1,46,283
0,0,1,44,284
0,0,0,58,285
0,0,0,59,286
0,0,0,40,287
0,0,0,39,288
0,1,0,53,289
0,1,0,54,290
0,1,0,61,291
0,1,0,60,292
0,1,1,54,293
0,1,1,53,294
0,1,1,2,295
0,1,2,65,296
0,1,2,3,297
0,1,2,2,298
0,1,2,9,299
0,1,2,8,300
0,1,2,16,301
0,1,2,15,302
0,1,3,20,303
0,1,3,19,304
0,1,3,25,305
0,0,3,24,306
0,0,3,25,307
0,0,3,19,308
0,0,3,20,309
0,0,2,15,310
0,0,2,16,311
0,0,2,8,312
0,0,2,9,313
0,0,2,2,314
0,0,2,3,315
0,0,2,65,316
0,0,1,2,317
0,0,1,53,318
0,0,1,54,319
0,0,0,60,320
0,0,0,61,321
0,0,0,54,322
0,0,0,53,323
0,1,0,51,324
0,1,0,52,325
0,1,0,63,326
0,1,0,62,327
0,1,1,57,328
0,1,1,55,329
0,1,1,4,330
0,1,1,3,331
0,1,1,12,332
0,1,1,10,333
0,1,2,12,334
0,1,2,10,335
0,1,2,18,336
0,1,2,17,337
0,1,3,23,338
0,1,3,21,339
0,1,3,27,340
0,1,3,26,341
0,1,3,24,342
0,0,3,26,343
0,0,3,27,344
0,0,3,21,345
0,0,3,23,346
0,0,2,17,347
0,0,2,18,348
0,0,2,10,349
0,0,2,12,350
0,0,1,10,351
0,0,1,12,352
0,0,1,3,353
0,0,1,4,354
0,0,1,55,355
0,0,1,57,356
0,0,0,62,357
0,0,0,63,358
0,0,0,52,359
0,0,0,51,360
0,1,0,49,361
0,1,0,50,362
0,1,0,65,363
0,1,0,64,364
0,1,1,59,365
0,1,1,58,366
0,1,1,6,367
0,1,1,5,368
0,1,1,14,369
0,1,1,13,370
0,1,2,14,371
0,1,2,13,372
0,1,2,20,373
0,1,2,19,374
0,1,2,28,375
0,1,2,27,376
0,1,3,29,377
0,1,3,28,378
0,1,3,37,379
0,0,3,36,380
0,0,3,37,381
0,0,3,28,382
0,0,3,29,383
0,0,2,27,384
0,0,2,28,385
0,0,2,19,386
0,0,2,20,387
0,0,2,13,388
0,0,2,14,389
0,0,1,13,390
0,0,1,14,391
0,0,1,5,392
0,0,1,6,393
0,0,1,58,394
0,0,1,59,395
0,0,0,64,396
0,0,0,65,397
0,0,0,50,398
0,0,0,49,399
0,1,0,48,401
0,1,0,4,402
0,1,0,66,403
0,1,1,61,404
0,1,1,60,405
0,1,1,8,406
0,1,1,7,407
0,1,1,63,408
0,1,1,62,409
0,1,1,16,410
0,1,1,15,411
0,1,2,23,412
0,1,2,21,413
0,1,2,30,414
0,1,2,29,415
0,1,3,31,416
0,1,3,30,417
0,1,3,39,418
0,1,3,38,419
0,1,3,36,420
0,0,3,38,421
0,0,3,39,422
0,0,3,30,423
0,0,3,31,424
0,0,2,29,425
0,0,2,30,426
0,0,2,21,427
0,0,2,23,428
0,0,1,15,429
0,0,1,16,430
0,0,1,62,431
0,0,1,63,432
0,0,1,7,433
0,0,1,8,434
0,0,1,60,435
0,0,1,61,436
0,0,0,66,437
0,0,0,4,438
0,0,0,48,439
0,1,1,9,448
0,1,1,65,449
0,1,1,64,450
0,1,1,18,451
0,1,1,17,452
0,1,2,25,453
0,1,2,24,454
0,1,2,32,455
0,1,2,31,456
0,1,3,33,457
0,1,3,32,458
0,1,3,41,459
0,1,3,40,460
0,1,3,46,461
0,0,3,44,462
0,0,3,46,463
0,0,3,40,464
0,0,3,41,465
0,0,3,32,466
0,0,3,33,467
0,0,2,31,468
0,0,2,32,469
0,0,2,24,470
0,0,2,25,471
0,0,1,17,472
0,0,1,18,473
0,0,1,64,474
0,0,1,65,475
0,0,1,9,476
0,1,2,26,497
0,1,2,34,498
0,1,2,33,499
0,1,3,35,500
0,1,3,34,501
0,1,3,43,502
0,1,3,42,503
0,1,3,48,504
0,1,3,47,505
0,1,3,44,506
0,0,3,47,507
0,0,3,48,508
0,0,3,42,509
0,0,3,43,510
0,0,3,34,511
0,0,3,35,512
0,0,2,33,513
0,0,2,34,514
0,0,2,26,515
0,3,0,12,529
0,2,0,13,530
0,2,0,12,531
0,3,0,9,532
0,3,0,10,533
0,3,0,13,534
0,2,0,10,535
0,2,0,9,536
0,3,0,7,537
0,3,0,8,538
0,3,1,20,539
0,2,1,19,540
0,2,1,20,541
0,2,0,8,542
0,2,0,7,543
0,3,0,5,544
0,3,0,6,545
0,3,1,23,546
0,3,1,21,547
0,3,1,19,548
0,2,1,21,549
0,2,1,23,550
0,2,0,6,551
0,2,0,5,552
0,3,0,20,553
0,3,0,21,554
0,3,1,25,555
0,3,1,24,556
0,3,2,41,557
0,2,2,42,558
0,2,2,41,559
0,2,1,24,560
0,2,1,25,561
0,2,0,21,562
0,2,0,20,563
0,3,0,18,564
0,3,0,19,565
0,3,1,27,566
0,3,1,26,567
0,3,2,39,568
0,3,2,40,569
0,3,2,42,570
0,2,2,40,571
0,2,2,39,572
0,2,1,26,573
0,2,1,27,574
0,2,0,19,575
0,2,0,18,576
0,3,0,16,577
0,3,0,17,578
0,3,1,29,579
0,3,1,28,580
0,3,2,37,581
0,3,2,38,582
0,3,2,44,583
0,2,2,43,584
0,2,2,44,585
0,2,2,38,586
0,2,2,37,587
0,2,1,28,588
0,2,1,29,589
0,2,0,17,590
0,2,0,16,591
0,3,0,14,592
0,3,0,15,593
0,3,1,31,594
0,3,1,30,595
0,3,2,35,596
0,3,2,36,597
0,3,2,47,598
0,3,2,46,599
0,3,2,43,600
0,2,2,46,601
0,2,2,47,602
0,2,2,36,603
0,2,2,35,604
0,2,1,30,605
0,2,1,31,606
0,2,0,15,607
0,2,0,14,608
0,3,0,32,609
0,3,0,31,610
0,3,1,33,611
0,3,1,32,612
0,3,1,37,613
0,3,1,36,614
0,3,2,49,615
0,3,2,48,616
0,3,3,50,617
0,2,3,49,618
0,2,3,50,619
0,2,2,48,620
0,2,2,49,621
0,2,1,36,622
0,2,1,37,623
0,2,1,32,624
0,2,1,33,625
0,2,0,31,626
0,2,0,32,627
0,3,0,34,628
0,3,0,33,629
0,3,1,35,630
0,3,1,34,631
0,3,1,39,632
0,3,1,38,633
0,3,2,51,634
0,3,2,50,635
0,3,3,52,636
0,3,3,51,637
0,3,3,49,638
0,2,3,51,639
0,2,3,52,640
0,2,2,50,641
0,2,2,51,642
0,2,1,38,643
0,2,1,39,644
0,2,1,34,645
0,2,1,35,646
0,2,0,33,647
0,2,0,34,648
0,3,0,36,649
0,3,0,35,650
0,3,0,24,651
0,3,0,23,652
0,3,1,41,653
0,3,1,40,654
0,3,2,53,655
0,3,2,52,656
0,3,3,54,657
0,3,3,53,658
0,3,2,66,659
0,2,1,66,660
0,2,2,66,661
0,2,3,53,662
0,2,3,54,663
0,2,2,52,664
0,2,2,53,665
0,2,1,40,666
0,2,1,41,667
0,2,0,23,668
0,2,0,24,669
0,2,0,35,670
0,2,0,36,671
0,3,0,38,672
0,3,0,37,673
0,3,0,26,674
0,3,0,25,675
0,3,1,43,676
0,3,1,42,677
0,3,2,55,678
0,3,2,54,679
0,3,3,57,680
0,3,3,55,681
0,3,0,3,682
0,3,3,66,683
0,3,1,66,684
0,2,3,66,685
0,2,0,3,686
0,2,3,55,687
0,2,3,57,688
0,2,2,54,689
0,2,2,55,690
0,2,1,42,691
0,2,1,43,692
0,2,0,25,693
0,2,0,26,694
0,2,0,37,695
0,2,0,38,696
0,3,0,46,697
0,3,0,47,698
0,3,0,28,699
0,3,0,27,700
0,3,1,51,701
0,3,1,52,702
0,3,2,58,703
0,3,2,57,704
0,3,3,59,705
0,3,3,58,706
0,3,3,3,707
0,3,3,2,708
0,3,3,7,709
0,2,3,6,710
0,2,3,7,711
0,2,3,2,712
0,2,3,3,713
0,2,3,58,714
0,2,3,59,715
0,2,2,57,716
0,2,2,58,717
0,2,1,52,718
0,2,1,51,719
0,2,0,27,720
0,2,0,28,721
0,2,0,47,722
0,2,0,46,723
0,3,0,43,724
0,3,0,44,725
0,3,0,30,726
0,3,0,29,727
0,3,1,49,728
0,3,1,50,729
0,3,2,60,730
0,3,2,59,731
0,3,3,61,732
0,3,3,60,733
0,3,3,5,734
0,3,3,4,735
0,3,3,9,736
0,3,3,8,737
0,3,3,6,738
0,2,3,8,739
0,2,3,9,740
0,2,3,4,741
0,2,3,5,742
0,2,3,60,743
0,2,3,61,744
0,2,2,59,745
0,2,2,60,746
0,2,1,50,747
0,2,1,49,748
0,2,0,29,749
0,2,0,30,750
0,2,0,44,751
0,2,0,43,752
0,3,0,41,753
0,3,0,42,754
0,3,0,57,755
0,3,0,55,756
0,3,1,47,757
0,3,1,48,758
0,3,2,62,759
0,3,2,61,760
0,3,3,63,761
0,3,3,62,762
0,3,2,5,763
0,3,2,4,764
0,3,3,12,765
0,3,3,10,766
0,3,3,16,767
0,2,3,15,768
0,2,3,16,769
0,2,3,10,770
0,2,3,12,771
0,2,2,4,772
0,2,2,5,773
0,2,3,62,774
0,2,3,63,775
0,2,2,61,776
0,2,2,62,777
0,2,1,48,778
0,2,1,47,779
0,2,0,55,780
0,2,0,57,781
0,2,0,42,782
0,2,0,41,783
0,3,0,39,784
0,3,0,40,785
0,3,0,59,786
0,3,0,58,787
0,3,1,44,788
0,3,1,46,789
0,3,2,64,790
0,3,2,63,791
0,3,3,65,792
0,3,3,64,793
0,3,2,7,794
0,3,2,6,795
0,3,3,14,796
0,3,3,13,797
0,3,3,18,798
0,3,3,17,799
0,3,3,15,800
0,2,3,17,801
0,2,3,18,802
0,2,3,13,803
0,2,3,14,804
0,2,2,6,805
0,2,2,7,806
0,2,3,64,807
0,2,3,65,808
0,2,2,63,809
0,2,2,64,810
0,2,1,46,811
0,2,1,44,812
0,2,0,58,813
0,2,0,59,814
0,2,0,40,815
0,2,0,39,816
0,3,0,53,817
0,3,0,54,818
0,3,0,61,819
0,3,0,60,820
0,3,1,54,821
0,3,1,53,822
0,3,1,2,823
0,3,2,65,824
0,3,2,3,825
0,3,2,2,826
0,3,2,9,827
0,3,2,8,828
0,3,2,16,829
0,3,2,15,830
0,3,3,20,831
0,3,3,19,832
0,3,3,25,833
0,2,3,24,834
0,2,3,25,835
0,2,3,19,836
0,2,3,20,837
0,2,2,15,838
0,2,2,16,839
0,2,2,8,840
0,2,2,9,841
0,2,2,2,842
0,2,2,3,843
0,2,2,65,844
0,2,1,2,845
0,2,1,53,846
0,2,1,54,847
0,2,0,60,848
0,2,0,61,849
0,2,0,54,850
0,2,0,53,851
0,3,0,51,852
0,3,0,52,853
0,3,0,63,854
0,3,0,62,855
0,3,1,57,856
0,3,1,55,857
0,3,1,4,858
0,3,1,3,859
0,3,1,12,860
0,3,1,10,861
0,3,2,12,862
0,3,2,10,863
0,3,2,18,864
0,3,2,17,865
0,3,3,23,866
0,3,3,21,867
0,3,3,27,868
0,3,3,26,869
0,3,3,24,870
0,2,3,26,871
0,2,3,27,872
0,2,3,21,873
0,2,3,23,874
0,2,2,17,875
0,2,2,18,876
0,2,2,10,877
0,2,2,12,878
0,2,1,10,879
0,2,1,12,880
0,2,1,3,881
0,2,1,4,882
0,2,1,55,883
0,2,1,57,884
0,2,0,62,885
0,2,0,63,886
0,2,0,52,887
0,2,0,51,888
0,3,0,49,889
0,3,0,50,890
0,3,0,65,891
0,3,0,64,892
0,3,1,59,893
0,3,1,58,894
0,3,1,6,895
0,3,1,5,896
0,3,1,14,897
0,3,1,13,898
0,3,2,14,899
0,3,2,13,900
0,3,2,20,901
0,3,2,19,902
0,3,2,28,903
0,3,2,27,904
0,3,3,29,905
0,3,3,28,906
0,3,3,37,907
0,2,3,36,908
0,2,3,37,909
0,2,3,28,910
0,2,3,29,911
0,2,2,27,912
0,2,2,28,913
0,2,2,19,914
0,2,2,20,915
0,2,2,13,916
0,2,2,14,917
0,2,1,13,918
0,2,1,14,919
0,2,1,5,920
0,2,1,6,921
0,2,1,58,922
0,2,1,59,923
0,2,0,64,924
0,2,0,65,925
0,2,0,50,926
0,2,0,49,927
0,3,0,48,929
0,3,0,4,930
0,3,0,66,931
0,3,1,61,932
0,3,1,60,933
0,3,1,8,934
0,3,1,7,935
0,3,1,63,936
0,3,1,62,937
0,3,1,16,938
0,3,1,15,939
0,3,2,23,940
0,3,2,21,941
0,3,2,30,942
0,3,2,29,943
0,3,3,31,944
0,3,3,30,945
0,3,3,39,946
0,3,3,38,947
0,3,3,36,948
0,2,3,38,949
0,2,3,39,950
0,2,3,30,951
0,2,3,31,952
0,2,2,29,953
0,2,2,30,954
0,2,2,21,955
0,2,2,23,956
0,2,1,15,957
0,2,1,16,958
0,2,1,62,959
0,2,1,63,960
0,2,1,7,961
0,2,1,8,962
0,2,1,60,963
0,2,1,61,964
0,2,0,66,965
0,2,0,4,966
0,2,0,48,967
0,3,1,9,976
0,3,1,65,977
0,3,1,64,978
0,3,1,18,979
0,3,1,17,980
0,3,2,25,981
0,3,2,24,982
0,3,2,32,983
0,3,2,31,984
0,3,3,33,985
0,3,3,32,986
0,3,3,41,987
0,3,3,40,988
0,3,3,46,989
0,2,3,44,990
0,2,3,46,991
0,2,3,40,992
0,2,3,41,993
0,2,3,32,994
0,2,3,33,995
0,2,2,31,996
0,2,2,32,997
0,2,2,24,998
0,2,2,25,999
0,2,1,17,1000
0,2,1,18,1001
0,2,1,64,1002
0,2,1,65,1003
0,2,1,9,1004
0,3,2,26,1025
0,3,2,34,1026
0,3,2,33,1027
0,3,3,35,1028
0,3,3,34,1029
0,3,3,43,1030
0,3,3,42,1031
0,3,3,48,1032
0,3,3,47,1033
0,3,3,44,1034
0,2,3,47,1035
0,2,3,48,1036
0,2,3,42,1037
0,2,3,43,1038
0,2,3,34,1039
0,2,3,35,1040
0,2,2,33,1041
0,2,2,34,1042
0,2,2,26,1043
1,1,0,12,1057
1,0,0,13,1058
1,0,0,12,1059
1,1,0,9,1060
1,1,0,10,1061
1,1,0,13,1062
1,0,0,10,1063
1,0,0,9,1064
1,1,0,7,1065
1,1,0,8,1066
1,1,1,20,1067
1,0,1,19,1068
1,0,1,20,1069
1,0,0,8,1070
1,0,0,7,1071
1,1,0,5,1072
1,1,0,6,1073
1,1,1,23,1074
1,1,1,21,1075
1,1,1,19,1076
1,0,1,21,1077
1,0,1,23,1078
1,0,0,6,1079
1,0,0,5,1080
1,1,0,20,1081
1,1,0,21,1082
1,1,1,25,1083
1,1,1,24,1084
1,1,2,41,1085
1,0,2,42,1086
1,0,2,41,1087
1,0,1,24,1088
1,0,1,25,1089
1,0,0,21,1090
1,0,0,20,1091
1,1,0,18,1092
1,1,0,19,1093
1,1,1,27,1094
1,1,1,26,1095
1,1,2,39,1096
1,1,2,40,1097
1,1,2,42,1098
1,0,2,40,1099
1,0,2,39,1100
1,0,1,26,1101
1,0,1,27,1102
1,0,0,19,1103
1,0,0,18,1104
1,1,0,16,1105
1,1,0,17,1106
1,1,1,29,1107
1,1,1,28,1108
1,1,2,37,1109
1,1,2,38,1110
1,1,2,44,1111
1,0,2,43,1112
1,0,2,44,1113
1,0,2,38,1114
1,0,2,37,1115
1,0,1,28,1116
1,0,1,29,1117
1,0,0,17,1118
1,0,0,16,1119
1,1,0,14,1120
1,1,0,15,1121
1,1,1,31,1122
1,1,1,30,1123
1,1,2,35,1124
1,1,2,36,1125
1,1,2,47,1126
1,1,2,46,1127
1,1,2,43,1128
1,0,2,46,1129
1,0,2,47,1130
1,0,2,36,1131
1,0,2,35,1132
1,0,1,30,1133
1,0,1,31,1134
1,0,0,15,1135
1,0,0,14,1136
1,1,0,32,1137
1,1,0,31,1138
1,1,1,33,1139
1,1,1,32,1140
1,1,1,37,1141
1,1,1,36,1142
1,1,2,49,1143
1,1,2,48,1144
1,1,3,50,1145
1,0,3,49,1146
1,0,3,50,1147
1,0,2,48,1148
1,0,2,49,1149
1,0,1,36,1150
1,0,1,37,1151
1,0,1,32,1152
1,0,1,33,1153
1,0,0,31,1154
1,0,0,32,1155
1,1,0,34,1156
1,1,0,33,1157
1,1,1,35,1158
1,1,1,34,1159
1,1,1,39,1160
1,1,1,38,1161
1,1,2,51,1162
1,1,2,50,1163
1,1,3,52,1164
1,1,3,51,1165
1,1,3,49,1166
1,0,3,51,1167
1,0,3,52,1168
1,0,2,50,1169
1,0,2,51,1170
1,0,1,38,1171
1,0,1,39,1172
1,0,1,34,1173
1,0,1,35,1174
1,0,0,33,1175
1,0,0,34,1176
1,1,0,36,1177
1,1,0,35,1178
1,1,0,24,1179
1,1,0,23,1180
1,1,1,41,1181
1,1,1,40,1182
1,1,2,53,1183
1,1,2,52,1184
1,1,3,54,1185
1,1,3,53,1186
1,1,2,66,1187
1,0,1,66,1188
1,0,2,66,1189
1,0,3,53,1190
1,0,3,54,1191
1,0,2,52,1192
1,0,2,53,1193
1,0,1,40,1194
1,0,1,41,1195
1,0,0,23,1196
1,0,0,24,1197
1,0,0,35,1198
1,0,0,36,1199
1,1,0,38,1200
1,1,0,37,1201
1,1,0,26,1202
1,1,0,25,1203
1,1,1,43,1204
1,1,1,42,1205
1,1,2,55,1206
1,1,2,54,1207
1,1,3,57,1208
1,1,3,55,1209
1,1,0,3,1210
1,1,3,66,1211
1,1,1,66,1212
1,0,3,66,1213
1,0,0,3,1214
1,0,3,55,1215
1,0,3,57,1216
1,0,2,54,1217
1,0,2,55,1218
1,0,1,42,1219
1,0,1,43,1220
1,0,0,25,1221
1,0,0,26,1222
1,0,0,37,1223
1,0,0,38,1224
1,1,0,46,1225
1,1,0,47,1226
1,1,0,28,1227
1,1,0,27,1228
1,1,1,51,1229
1,1,1,52,1230
1,1,2,58,1231
1,1,2,57,1232
1,1,3,59,1233
1,1,3,58,1234
1,1,3,3,1235
1,1,3,2,1236
1,1,3,7,1237
1,0,3,6,1238
1,0,3,7,1239
1,0,3,2,1240
1,0,3,3,1241
1,0,3,58,1242
1,0,3,59,1243
1,0,2,57,1244
1,0,2,58,1245
1,0,1,52,1246
1,0,1,51,1247
1,0,0,27,1248
1,0,0,28,1249
1,0,0,47,1250
1,0,0,46,1251
1,1,0,43,1252
1,1,0,44,1253
1,1,0,30,1254
1,1,0,29,1255
1,1,1,49,1256
1,1,1,50,1257
1,1,2,60,1258
1,1,2,59,1259
1,1,3,61,1260
1,1,3,60,1261
1,1,3,5,1262
1,1,3,4,1263
1,1,3,9,1264
1,1,3,8,1265
1,1,3,6,1266
1,0,3,8,1267
1,0,3,9,1268
1,0,3,4,1269
1,0,3,5,1270
1,0,3,60,1271
1,0,3,61,1272
1,0,2,59,1273
1,0,2,60,1274
1,0,1,50,1275
1,0,1,49,1276
1,0,0,29,1277
1,0,0,30,1278
1,0,0,44,1279
1,0,0,43,1280
1,1,0,41,1281
1,1,0,42,1282
1,1,0,57,1283
1,1,0,55,1284
1,1,1,47,1285
1,1,1,48,1286
1,1,2,62,1287
1,1,2,61,1288
1,1,3,63,1289
1,1,3,62,1290
1,1,2,5,1291
1,1,2,4,1292
1,1,3,12,1293
1,1,3,10,1294
1,1,3,16,1295
1,0,3,15,1296
1,0,3,16,1297
1,0,3,10,1298
1,0,3,12,1299
1,0,2,4,1300
1,0,2,5,1301
1,0,3,62,1302
1,0,3,63,1303
1,0,2,61,1304
1,0,2,62,1305
1,0,1,48,1306
1,0,1,47,1307
1,0,0,55,1308
1,0,0,57,1309
1,0,0,42,1310
1,0,0,41,1311
1,1,0,39,1312
1,1,0,40,1313
1,1,0,59,1314
1,1,0,58,1315
1,1,1,44,1316
1,1,1,46,1317
1,1,2,64,1318
1,1,2,63,1319
1,1,3,65,1320
1,1,3,64,1321
1,1,2,7,1322
1,1,2,6,1323
1,1,3,14,1324
1,1,3,13,1325
1,1,3,18,1326
1,1,3,17,1327
1,1,3,15,1328
1,0,3,17,1329
1,0,3,18,1330
1,0,3,13,1331
1,0,3,14,1332
1,0,2,6,1333
1,0,2,7,1334
1,0,3,64,1335
1,0,3,65,1336
1,0,2,63,1337
1,0,2,64,1338
1,0,1,46,1339
1,0,1,44,1340
1,0,0,58,1341
1,0,0,59,1342
1,0,0,40,1343
1,0,0,39,1344
1,1,0,53,1345
1,1,0,54,1346
1,1,0,61,1347
1,1,0,60,1348
1,1,1,54,1349
1,1,1,53,1350
1,1,1,2,1351
1,1,2,65,1352
1,1,2,3,1353
1,1,2,2,1354
1,1,2,9,1355
1,1,2,8,1356
1,1,2,16,1357
1,1,2,15,1358
1,1,3,20,1359
1,1,3,19,1360
1,1,3,25,1361
1,0,3,24,1362
1,0,3,25,1363
1,0,3,19,1364
1,0,3,20,1365
1,0,2,15,1366
1,0,2,16,1367
1,0,2,8,1368
1,0,2,9,1369
1,0,2,2,1370
1,0,2,3,1371
1,0,2,65,1372
1,0,1,2,1373
1,0,1,53,1374
1,0,1,54,1375
1,0,0,60,1376
1,0,0,61,1377
1,0,0,54,1378
1,0,0,53,1379
1,1,0,51,1380
1,1,0,52,1381
1,1,0,63,1382
1,1,0,62,1383
1,1,1,57,1384
1,1,1,55,1385
1,1,1,4,1386
1,1,1,3,1387
1,1,1,12,1388
1,1,1,10,1389
1,1,2,12,1390
1,1,2,10,1391
1,1,2,18,1392
1,1,2,17,1393
1,1,3,23,1394
1,1,3,21,1395
1,1,3,27,1396
1,1,3,26,1397
1,1,3,24,1398
1,0,3,26,1399
1,0,3,27,1400
1,0,3,21,1401
1,0,3,23,1402
1,0,2,17,1403
1,0,2,18,1404
1,0,2,10,1405
1,0,2,12,1406
1,0,1,10,1407
1,0,1,12,1408
1,0,1,3,1409
1,0,1,4,1410
1,0,1,55,1411
1,0,1,57,1412
1,0,0,62,1413
1,0,0,63,1414
1,0,0,52,1415
1,0,0,51,1416
1,1,0,49,1417
1,1,0,50,1418
1,1,0,65,1419
1,1,0,64,1420
1,1,1,59,1421
1,1,1,58,1422
1,1,1,6,1423
1,1,1,5,1424
1,1,1,14,1425
1,1,1,13,1426
1,1,2,14,1427
1,1,2,13,1428
1,1,2,20,1429
1,1,2,19,1430
1,1,2,28,1431
1,1,2,27,1432
1,1,3,29,1433
1,1,3,28,1434
1,1,3,37,1435
1,0,3,36,1436
1,0,3,37,1437
1,0,3,28,1438
1,0,3,29,1439
1,0,2,27,1440
1,0,2,28,1441
1,0,2,19,1442
1,0,2,20,1443
1,0,2,13,1444
1,0,2,14,1445
1,0,1,13,1446
1,0,1,14,1447
1,0,1,5,1448
1,0,1,6,1449
1,0,1,58,1450
1,0,1,59,1451
1,0,0,64,1452
1,0,0,65,1453
1,0,0,50,1454
1,0,0,49,1455
1,1,0,48,1457
1,1,0,4,1458
1,1,0,66,1459
1,1,1,61,1460
1,1,1,60,1461
1,1,1,8,1462
1,1,1,7,1463
1,1,1,63,1464
1,1,1,62,1465
1,1,1,16,1466
1,1,1,15,1467
1,1,2,23,1468
1,1,2,21,1469
1,1,2,30,1470
1,1,2,29,1471
1,1,3,31,1472
1,1,3,30,1473
1,1,3,39,1474
1,1,3,38,1475
1,1,3,36,1476
1,0,3,38,1477
1,0,3,39,1478
1,0,3,30,1479
1,0,3,31,1480
1,0,2,29,1481
1,0,2,30,1482
1,0,2,21,1483
1,0,2,23,1484
1,0,1,15,1485
1,0,1,16,1486
1,0,1,62,1487
1,0,1,63,1488
1,0,1,7,1489
1,0,1,8,1490
1,0,1,60,1491
1,0,1,61,1492
1,0,0,66,1493
1,0,0,4,1494
1,0,0,48,1495
1,1,1,9,1504
1,1,1,65,1505
1,1,1,64,1506
1,1,1,18,1507
1,1,1,17,1508
1,1,2,25,1509
1,1,2,24,1510
1,1,2,32,1511
1,1,2,31,1512
1,1,3,33,1513
1,1,3,32,1514
1,1,3,41,1515
1,1,3,40,1516
1,1,3,46,1517
1,0,3,44,1518
1,0,3,46,1519
1,0,3,40,1520
1,0,3,41,1521
1,0,3,32,1522
1,0,3,33,1523
1,0,2,31,1524
1,0,2,32,1525
1,0,2,24,1526
1,0,2,25,1527
1,0,1,17,1528
1,0,1,18,1529
1,0,1,64,1530
1,0,1,65,1531
1,0,1,9,1532
1,1,2,26,1553
1,1,2,34,1554
1,1,2,33,1555
1,1,3,35,1556
1,1,3,34,1557
1,1,3,43,1558
1,1,3,42,1559
1,1,3,48,1560
1,1,3,47,1561
1,1,3,44,1562
1,0,3,47,1563
1,0,3,48,1564
1,0,3,42,1565
1,0,3,43,1566
1,0,3,34,1567
1,0,3,35,1568
1,0,2,33,1569
1,0,2,34,1570
1,0,2,26,1571
1,3,0,12,1585
1,2,0,13,1586
1,2,0,12,1587
1,3,0,9,1588
1,3,0,10,1589
1,3,0,13,1590
1,2,0,10,1591
1,2,0,9,1592
1,3,0,7,1593
1,3,0,8,1594
1,3,1,20,1595
1,2,1,19,1596
1,2,1,20,1597
1,2,0,8,1598
1,2,0,7,1599
1,3,0,5,1600
1,3,0,6,1601
1,3,1,23,1602
1,3,1,21,1603
1,3,1,19,1604
1,2,1,21,1605
1,2,1,23,1606
1,2,0,6,1607
1,2,0,5,1608
1,3,0,20,1609
1,3,0,21,1610
1,3,1,25,1611
1,3,1,24,1612
1,3,2,41,1613
1,2,2,42,1614
1,2,2,41,1615
1,2,1,24,1616
1,2,1,25,1617
1,2,0,21,1618
1,2,0,20,1619
1,3,0,18,1620
1,3,0,19,1621
1,3,1,27,1622
1,3,1,26,1623
1,3,2,39,1624
1,3,2,40,1625
1,3,2,42,1626
1,2,2,40,1627
1,2,2,39,1628
1,2,1,26,1629
1,2,1,27,1630
1,2,0,19,1631
1,2,0,18,1632
1,3,0,16,1633
1,3,0,17,1634
1,3,1,29,1635
1,3,1,28,1636
1,3,2,37,1637
1,3,2,38,1638
1,3,2,44,1639
1,2,2,43,1640
1,2,2,44,1641
1,2,2,38,1642
1,2,2,37,1643
1,2,1,28,1644
1,2,1,29,1645
1,2,0,17,1646
1,2,0,16,1647
1,3,0,14,1648
1,3,0,15,1649
1,3,1,31,1650
1,3,1,30,1651
1,3,2,35,1652
1,3,2,36,1653
1,3,2,47,1654
1,3,2,46,1655
1,3,2,43,1656
1,2,2,46,1657
1,2,2,47,1658
1,2,2,36,1659
1,2,2,35,1660
1,2,1,30,1661
1,2,1,31,1662
1,2,0,15,1663
1,2,0,14,1664
1,3,0,32,1665
1,3,0,31,1666
1,3,1,33,1667
1,3,1,32,1668
1,3,1,37,1669
1,3,1,36,1670
1,3,2,49,1671
1,3,2,48,1672
1,3,3,50,1673
1,2,3,49,1674
1,2,3,50,1675
1,2,2,48,1676
1,2,2,49,1677
1,2,1,36,1678
1,2,1,37,1679
1,2,1,32,1680
1,2,1,33,1681
1,2,0,31,1682
1,2,0,32,1683
1,3,0,34,1684
1,3,0,33,1685
1,3,1,35,1686
1,3,1,34,1687
1,3,1,39,1688
1,3,1,38,1689
1,3,2,51,1690
1,3,2,50,1691
1,3,3,52,1692
1,3,3,51,1693
1,3,3,49,1694
1,2,3,51,1695
1,2,3,52,1696
1,2,2,50,1697
1,2,2,51,1698
1,2,1,38,1699
1,2,1,39,1700
1,2,1,34,1701
1,2,1,35,1702
1,2,0,33,1703
1,2,0,34,1704
1,3,0,36,1705
1,3,0,35,1706
1,3,0,24,1707
1,3,0,23,1708
1,3,1,41,1709
1,3,1,40,1710
1,3,2,53,1711
1,3,2,52,1712
1,3,3,54,1713
1,3,3,53,1714
1,3,2,66,1715
1,2,1,66,1716
1,2,2,66,1717
1,2,3,53,1718
1,2,3,54,1719
1,2,2,52,1720
1,2,2,53,1721
1,2,1,40,1722
1,2,1,41,1723
1,2,0,23,1724
1,2,0,24,1725
1,2,0,35,1726
1,2,0,36,1727
1,3,0,38,1728
1,3,0,37,1729
1,3,0,26,1730
1,3,0,25,1731
1,3,1,43,1732
1,3,1,42,1733
1,3,2,55,1734
1,3,2,54,1735
1,3,3,57,1736
1,3,3,55,1737
1,3,0,3,1738
1,3,3,66,1739
1,3,1,66,1740
1,2,3,66,1741
1,2,0,3,1742
1,2,3,55,1743
1,2,3,57,1744
1,2,2,54,1745
1,2,2,55,1746
1,2,1,42,1747
1,2,1,43,1748
1,2,0,25,1749
1,2,0,26,1750
1,2,0,37,1751
1,2,0,38,1752
1,3,0,46,1753
1,3,0,47,1754
1,3,0,28,1755
1,3,0,27,1756
1,3,1,51,1757
1,3,1,52,1758
1,3,2,58,1759
1,3,2,57,1760
1,3,3,59,1761
1,3,3,58,1762
1,3,3,3,1763
1,3,3,2,1764
1,3,3,7,1765
1,2,3,6,1766
1,2,3,7,1767
1,2,3,2,1768
1,2,3,3,1769
1,2,3,58,1770
1,2,3,59,1771
1,2,2,57,1772
1,2,2,58,1773
1,2,1,52,1774
1,2,1,51,1775
1,2,0,27,1776
1,2,0,28,1777
1,2,0,47,1778
1,2,0,46,1779
1,3,0,43,1780
1,3,0,44,1781
1,3,0,30,1782
1,3,0,29,1783
1,3,1,49,1784
1,3,1,50,1785
1,3,2,60,1786
1,3,2,59,1787
1,3,3,61,1788
1,3,3,60,1789
1,3,3,5,1790
1,3,3,4,1791
1,3,3,9,1792
1,3,3,8,1793
1,3,3,6,1794
1,2,3,8,1795
1,2,3,9,1796
1,2,3,4,1797
1,2,3,5,1798
1,2,3,60,1799
1,2,3,61,1800
1,2,2,59,1801
1,2,2,60,1802
1,2,1,50,1803
1,2,1,49,1804
1,2,0,29,1805
1,2,0,30,1806
1,2,0,44,1807
1,2,0,43,1808
1,3,0,41,1809
1,3,0,42,1810
1,3,0,57,1811
1,3,0,55,1812
1,3,1,47,1813
1,3,1,48,1814
1,3,2,62,1815
1,3,2,61,1816
1,3,3,63,1817
1,3,3,62,1818
1,3,2,5,1819
1,3,2,4,1820
1,3,3,12,1821
1,3,3,10,1822
1,3,3,16,1823
1,2,3,15,1824
1,2,3,16,1825
1,2,3,10,1826
1,2,3,12,1827
1,2,2,4,1828
1,2,2,5,1829
1,2,3,62,1830
1,2,3,63,1831
1,2,2,61,1832
1,2,2,62,1833
1,2,1,48,1834
1,2,1,47,1835
1,2,0,55,1836
1,2,0,57,1837
1,2,0,42,1838
1,2,0,41,1839
1,3,0,39,1840
1,3,0,40,1841
1,3,0,59,1842
1,3,0,58,1843
1,3,1,44,1844
1,3,1,46,1845
1,3,2,64,1846
1,3,2,63,1847
1,3,3,65,1848
1,3,3,64,1849
1,3,2,7,1850
1,3,2,6,1851
1,3,3,14,1852
1,3,3,13,1853
1,3,3,18,1854
1,3,3,17,1855
1,3,3,15,1856
1,2,3,17,1857
1,2,3,18,1858
1,2,3,13,1859
1,2,3,14,1860
1,2,2,6,1861
1,2,2,7,1862
1,2,3,64,1863
1,2,3,65,1864
1,2,2,63,1865
1,2,2,64,1866
1,2,1,46,1867
1,2,1,44,1868
1,2,0,58,1869
1,2,0,59,1870
1,2,0,40,1871
1,2,0,39,1872
1,3,0,53,1873
1,3,0,54,1874
1,3,0,61,1875
1,3,0,60,1876
1,3,1,54,1877
1,3,1,53,1878
1,3,1,2,1879
1,3,2,65,1880
1,3,2,3,1881
1,3,2,2,1882
1,3,2,9,1883
1,3,2,8,1884
1,3,2,16,1885
1,3,2,15,1886
1,3,3,20,1887
1,3,3,19,1888
1,3,3,25,1889
1,2,3,24,1890
1,2,3,25,1891
1,2,3,19,1892
1,2,3,20,1893
1,2,2,15,1894
1,2,2,16,1895
1,2,2,8,1896
1,2,2,9,1897
1,2,2,2,1898
1,2,2,3,1899
1,2,2,65,1900
1,2,1,2,1901
1,2,1,53,1902
1,2,1,54,1903
1,2,0,60,1904
1,2,0,61,1905
1,2,0,54,1906
1,2,0,53,1907
1,3,0,51,1908
1,3,0,52,1909
1,3,0,63,1910
1,3,0,62,1911
1,3,1,57,1912
1,3,1,55,1913
1,3,1,4,1914
1,3,1,3,1915
1,3,1,12,1916
1,3,1,10,1917
1,3,2,12,1918
1,3,2,10,1919
1,3,2,18,1920
1,3,2,17,1921
1,3,3,23,1922
1,3,3,21,1923
1,3,3,27,1924
1,3,3,26,1925
1,3,3,24,1926
1,2,3,26,1927
1,2,3,27,1928
1,2,3,21,1929
1,2,3,23,1930
1,2,2,17,1931
1,2,2,18,1932
1,2,2,10,1933
1,2,2,12,1934
1,2,1,10,1935
1,2,1,12,1936
1,2,1,3,1937
1,2,1,4,1938
1,2,1,55,1939
1,2,1,57,1940
1,2,0,62,1941
1,2,0,63,1942
1,2,0,52,1943
1,2,0,51,1944
1,3,0,49,1945
1,3,0,50,1946
1,3,0,65,1947
1,3,0,64,1948
1,3,1,59,1949
1,3,1,58,1950
1,3,1,6,1951
1,3,1,5,1952
1,3,1,14,1953
1,3,1,13,1954
1,3,2,14,1955
1,3,2,13,1956
1,3,2,20,1957
1,3,2,19,1958
1,3,2,28,1959
1,3,2,27,1960
1,3,3,29,1961
1,3,3,28,1962
1,3,3,37,1963
1,2,3,36,1964
1,2,3,37,1965
1,2,3,28,1966
1,2,3,29,1967
1,2,2,27,1968
1,2,2,28,1969
1,2,2,19,1970
1,2,2,20,1971
1,2,2,13,1972
1,2,2,14,1973
1,2,1,13,1974
1,2,1,14,1975
1,2,1,5,1976
1,2,1,6,1977
1,2,1,58,1978
1,2,1,59,1979
1,2,0,64,1980
1,2,0,65,1981
1,2,0,50,1982
1,2,0,49,1983
1,3,0,48,1985
1,3,0,4,1986
1,3,0,66,1987
1,3,1,61,1988
1,3,1,60,1989
1,3,1,8,1990
1,3,1,7,1991
1,3,1,63,1992
1,3,1,62,1993
1,3,1,16,1994
1,3,1,15,1995
1,3,2,23,1996
1,3,2,21,1997
1,3,2,30,1998
1,3,2,29,1999
1,3,3,31,2000
1,3,3,30,2001
1,3,3,39,2002
1,3,3,38,2003
1,3,3,36,2004
1,2,3,38,2005
1,2,3,39,2006
1,2,3,30,2007
1,2,3,31,2008
1,2,2,29,2009
1,2,2,30,2010
1,2,2,21,2011
1,2,2,23,2012
1,2,1,15,2013
1,2,1,16,2014
1,2,1,62,2015
1,2,1,63,2016
1,2,1,7,2017
1,2,1,8,2018
1,2,1,60,2019
1,2,1,61,2020
1,2,0,66,2021
1,2,0,4,2022
1,2,0,48,2023
1,3,1,9,2032
1,3,1,65,2033
1,3,1,64,2034
1,3,1,18,2035
1,3,1,17,2036
1,3,2,25,2037
1,3,2,24,2038
1,3,2,32,2039
1,3,2,31,2040
1,3,3,33,2041
1,3,3,32,2042
1,3,3,41,2043
1,3,3,40,2044
1,3,3,46,2045
1,2,3,44,2046
1,2,3,46,2047
1,2,3,40,2048
1,2,3,41,2049
1,2,3,32,2050
1,2,3,33,2051
1,2,2,31,2052
1,2,2,32,2053
1,2,2,24,2054
1,2,2,25,2055
1,2,1,17,2056
1,2,1,18,2057
1,2,1,64,2058
1,2,1,65,2059
1,2,1,9,2060
1,3,2,26,2081
1,3,2,34,2082
1,3,2,33,2083
1,3,3,35,2084
1,3,3,34,2085
1,3,3,43,2086
1,3,3,42,2087
1,3,3,48,2088
1,3,3,47,2089
1,3,3,44,2090
1,2,3,47,2091
1,2,3,48,2092
1,2,3,42,2093
1,2,3,43,2094
1,2,3,34,2095
1,2,3,35,2096
1,2,2,33,2097
1,2,2,34,2098
1,2,2,26,2099
2,1,0,12,2113
2,0,0,13,2114
2,0,0,12,2115
2,1,0,9,2116
2,1,0,10,2117
2,1,0,13,2118
2,0,0,10,2119
2,0,0,9,2120
2,1,0,7,2121
2,1,0,8,2122
2,1,1,20,2123
2,0,1,19,2124
2,0,1,20,2125
2,0,0,8,2126
2,0,0,7,2127
2,1,0,5,2128
2,1,0,6,2129
2,1,1,23,2130
2,1,1,21,2131
2,1,1,19,2132
2,0,1,21,2133
2,0,1,23,2134
2,0,0,6,2135
2,0,0,5,2136
2,1,0,20,2137
2,1,0,21,2138
2,1,1,25,2139
2,1,1,24,2140
2,1,2,41,2141
2,0,2,42,2142
2,0,2,41,2143
2,0,1,24,2144
2,0,1,25,2145
2,0,0,21,2146
2,0,0,20,2147
2,1,0,18,2148
2,1,0,19,2149
2,1,1,27,2150
2,1,1,26,2151
2,1,2,39,2152
2,1,2,40,2153
2,1,2,42,2154
2,0,2,40,2155
2,0,2,39,2156
2,0,1,26,2157
2,0,1,27,2158
2,0,0,19,2159
2,0,0,18,2160
2,1,0,16,2161
2,1,0,17,2162
2,1,1,29,2163
2,1,1,28,2164
2,1,2,37,2165
2,1,2,38,2166
2,1,2,44,2167
2,0,2,43,2168
2,0,2,44,2169
2,0,2,38,2170
2,0,2,37,2171
2,0,1,28,2172
2,0,1,29,2173
2,0,0,17,2174
2,0,0,16,2175
2,1,0,14,2176
2,1,0,15,2177
2,1,1,31,2178
2,1,1,30,2179
2,1,2,35,2180
2,1,2,36,2181
2,1,2,47,2182
2,1,2,46,2183
2,1,2,43,2184
2,0,2,46,2185
2,0,2,47,2186
2,0,2,36,2187
2,0,2,35,2188
2,0,1,30,2189
2,0,1,31,2190
2,0,0,15,2191
2,0,0,14,2192
2,1,0,32,2193
2,1,0,31,2194
2,1,1,33,2195
2,1,1,32,2196
2,1,1,37,2197
2,1,1,36,2198
2,1,2,49,2199
2,1,2,48,2200
2,1,3,50,2201
2,0,3,49,2202
2,0,3,50,2203
2,0,2,48,2204
2,0,2,49,2205
2,0,1,36,2206
2,0,1,37,2207
2,0,1,32,2208
2,0,1,33,2209
2,0,0,31,2210
2,0,0,32,2211
2,1,0,34,2212
2,1,0,33,2213
2,1,1,35,2214
2,1,1,34,2215
2,1,1,39,2216
2,1,1,38,2217
2,1,2,51,2218
2,1,2,50,2219
2,1,3,52,2220
2,1,3,51,2221
2,1,3,49,2222
2,0,3,51,2223
2,0,3,52,2224
2,0,2,50,2225
2,0,2,51,2226
2,0,1,38,2227
2,0,1,39,2228
2,0,1,34,2229
2,0,1,35,2230
2,0,0,33,2231
2,0,0,34,2232
2,1,0,36,2233
2,1,0,35,2234
2,1,0,24,2235
2,1,0,23,2236
2,1,1,41,2237
2,1,1,40,2238
2,1,2,53,2239
2,1,2,52,2240
2,1,3,54,2241
2,1,3,53,2242
2,1,2,66,2243
2,0,1,66,2244
2,0,2,66,2245
2,0,3,53,2246
2,0,3,54,2247
2,0,2,52,2248
2,0,2,53,2249
2,0,1,40,2250
2,0,1,41,2251
2,0,0,23,2252
2,0,0,24,2253
2,0,0,35,2254
2,0,0,36,2255
2,1,0,38,2256
2,1,0,37,2257
2,1,0,26,2258
2,1,0,25,2259
2,1,1,43,2260
2,1,1,42,2261
2,1,2,55,2262
2,1,2,54,2263
2,1,3,57,2264
2,1,3,55,2265
2,1,0,3,2266
2,1,3,66,2267
2,1,1,66,2268
2,0,3,66,2269
2,0,0,3,2270
2,0,3,55,2271
2,0,3,57,2272
2,0,2,54,2273
2,0,2,55,2274
2,0,1,42,2275
2,0,1,43,2276
2,0,0,25,2277
2,0,0,26,2278
2,0,0,37,2279
2,0,0,38,2280
2,1,0,46,2281
2,1,0,47,2282
2,1,0,28,2283
2,1,0,27,2284
2,1,1,51,2285
2,1,1,52,2286
2,1,2,58,2287
2,1,2,57,2288
2,1,3,59,2289
2,1,3,58,2290
2,1,3,3,2291
2,1,3,2,2292
2,1,3,7,2293
2,0,3,6,2294
2,0,3,7,2295
2,0,3,2,2296
2,0,3,3,2297
2,0,3,58,2298
2,0,3,59,2299
2,0,2,57,2300
2,0,2,58,2301
2,0,1,52,2302
2,0,1,51,2303
2,0,0,27,2304
2,0,0,28,2305
2,0,0,47,2306
2,0,0,46,2307
2,1,0,43,2308
2,1,0,44,2309
2,1,0,30,2310
2,1,0,29,2311
2,1,1,49,2312
2,1,1,50,2313
2,1,2,60,2314
2,1,2,59,2315
2,1,3,61,2316
2,1,3,60,2317
2,1,3,5,2318
2,1,3,4,2319
2,1,3,9,2320
2,1,3,8,2321
2,1,3,6,2322
2,0,3,8,2323
2,0,3,9,2324
2,0,3,4,2325
2,0,3,5,2326
2,0,3,60,2327
2,0,3,61,2328
2,0,2,59,2329
2,0,2,60,2330
2,0,1,50,2331
2,0,1,49,2332
2,0,0,29,2333
2,0,0,30,2334
2,0,0,44,2335
2,0,0,43,2336
2,1,0,41,2337
2,1,0,42,2338
2,1,0,57,2339
2,1,0,55,2340
2,1,1,47,2341
2,1,1,48,2342
2,1,2,62,2343
2,1,2,61,2344
2,1,3,63,2345
2,1,3,62,2346
2,1,2,5,2347
2,1,2,4,2348
2,1,3,12,2349
2,1,3,10,2350
2,1,3,16,2351
2,0,3,15,2352
2,0,3,16,2353
2,0,3,10,2354
2,0,3,12,2355
2,0,2,4,2356
2,0,2,5,2357
2,0,3,62,2358
2,0,3,63,2359
2,0,2,61,2360
2,0,2,62,2361
2,0,1,48,2362
2,0,1,47,2363
2,0,0,55,2364
2,0,0,57,2365
2,0,0,42,2366
2,0,0,41,2367
2,1,0,39,2368
2,1,0,40,2369
2,1,0,59,2370
2,1,0,58,2371
2,1,1,44,2372
2,1,1,46,2373
2,1,2,64,2374
2,1,2,63,2375
2,1,3,65,2376
2,1,3,64,2377
2,1,2,7,2378
2,1,2,6,2379
2,1,3,14,2380
2,1,3,13,2381
2,1,3,18,2382
2,1,3,17,2383
2,1,3,15,2384
2,0,3,17,2385
2,0,3,18,2386
2,0,3,13,2387
2,0,3,14,2388
2,0,2,6,2389
2,0,2,7,2390
2,0,3,64,2391
2,0,3,65,2392
2,0,2,63,2393
2,0,2,64,2394
2,0,1,46,2395
2,0,1,44,2396
2,0,0,58,2397
2,0,0,59,2398
2,0,0,40,2399
2,0,0,39,2400
2,1,0,53,2401
2,1,0,54,2402
2,1,0,61,2403
2,1,0,60,2404
2,1,1,54,2405
2,1,1,53,2406
2,1,1,2,2407
2,1,2,65,2408
2,1,2,3,2409
2,1,2,2,2410
2,1,2,9,2411
2,1,2,8,2412
2,1,2,16,2413
2,1,2,15,2414
2,1,3,20,2415
2,1,3,19,2416
2,1,3,25,2417
2,0,3,24,2418
2,0,3,25,2419
2,0,3,19,2420
2,0,3,20,2421
2,0,2,15,2422
2,0,2,16,2423
2,0,2,8,2424
2,0,2,9,2425
2,0,2,2,2426
2,0,2,3,2427
2,0,2,65,2428
2,0,1,2,2429
2,0,1,53,2430
2,0,1,54,2431
2,0,0,60,2432
2,0,0,61,2433
2,0,0,54,2434
2,0,0,53,2435
2,1,0,51,2436
2,1,0,52,2437
2,1,0,63,2438
2,1,0,62,2439
2,1,1,57,2440
2,1,1,55,2441
2,1,1,4,2442
2,1,1,3,2443
2,1,1,12,2444
2,1,1,10,2445
2,1,2,12,2446
2,1,2,10,2447
2,1,2,18,2448
2,1,2,17,2449
2,1,3,23,2450
2,1,3,21,2451
2,1,3,27,2452
2,1,3,26,2453
2,1,3,24,2454
2,0,3,26,2455
2,0,3,27,2456
2,0,3,21,2457
2,0,3,23,2458
2,0,2,17,2459
2,0,2,18,2460
2,0,2,10,2461
2,0,2,12,2462
2,0,1,10,2463
2,0,1,12,2464
2,0,1,3,2465
2,0,1,4,2466
2,0,1,55,2467
2,0,1,57,2468
2,0,0,62,2469
2,0,0,63,2470
2,0,0,52,2471
2,0,0,51,2472
2,1,0,49,2473
2,1,0,50,2474
2,1,0,65,2475
2,1,0,64,2476
2,1,1,59,2477
2,1,1,58,2478
2,1,1,6,2479
2,1,1,5,2480
2,1,1,14,2481
2,1,1,13,2482
2,1,2,14,2483
2,1,2,13,2484
2,1,2,20,2485
2,1,2,19,2486
2,1,2,28,2487
2,1,2,27,2488
2,1,3,29,2489
2,1,3,28,2490
2,1,3,37,2491
2,0,3,36,2492
2,0,3,37,2493
2,0,3,28,2494
2,0,3,29,2495
2,0,2,27,2496
2,0,2,28,2497
2,0,2,19,2498
2,0,2,20,2499
2,0,2,13,2500
2,0,2,14,2501
2,0,1,13,2502
2,0,1,14,2503
2,0,1,5,2504
2,0,1,6,2505
2,0,1,58,2506
2,0,1,59,2507
2,0,0,64,2508
2,0,0,65,2509
2,0,0,50,2510
2,0,0,49,2511
2,1,0,48,2513
2,1,0,4,2514
2,1,0,66,2515
2,1,1,61,2516
2,1,1,60,2517
2,1,1,8,2518
2,1,1,7,2519
2,1,1,63,2520
2,1,1,62,2521
2,1,1,16,2522
2,1,1,15,2523
2,1,2,23,2524
2,1,2,21,2525
2,1,2,30,2526
2,1,2,29,2527
2,1,3,31,2528
2,1,3,30,2529
2,1,3,39,2530
2,1,3,38,2531
2,1,3,36,2532
2,0,3,38,2533
2,0,3,39,2534
2,0,3,30,2535
2,0,3,31,2536
2,0,2,29,2537
2,0,2,30,2538
2,0,2,21,2539
2,0,2,23,2540
2,0,1,15,2541
2,0,1,16,2542
2,0,1,62,2543
2,0,1,63,2544
2,0,1,7,2545
2,0,1,8,2546
2,0,1,60,2547
2,0,1,61,2548
2,0,0,66,2549
2,0,0,4,2550
2,0,0,48,2551
2,1,1,9,2560
2,1,1,65,2561
2,1,1,64,2562
2,1,1,18,2563
2,1,1,17,2564
2,1,2,25,2565
2,1,2,24,2566
2,1,2,32,2567
2,1,2,31,2568
2,1,3,33,2569
2,1,3,32,2570
2,1,3,41,2571
2,1,3,40,2572
2,1,3,46,2573
2,0,3,44,2574
2,0,3,46,2575
2,0,3,40,2576
2,0,3,41,2577
2,0,3,32,2578
2,0,3,33,2579
2,0,2,31,2580
2,0,2,32,2581
2,0,2,24,2582
2,0,2,25,2583
2,0,1,17,2584
2,0,1,18,2585
2,0,1,64,2586
2,0,1,65,2587
2,0,1,9,2588
2,1,2,26,2609
2,1,2,34,2610
2,1,2,33,2611
2,1,3,35,2612
2,1,3,34,2613
2,1,3,43,2614
2,1,3,42,2615
2,1,3,48,2616
2,1,3,47,2617
2,1,3,44,2618
2,0,3,47,2619
2,0,3,48,2620
2,0,3,42,2621
2,0,3,43,2622
2,0,3,34,2623
2,0,3,35,2624
2,0,2,33,2625
2,0,2,34,2626
2,0,2,26,2627
2,3,0,12,2641
2,2,0,13,2642
2,2,0,12,2643
2,3,0,9,2644
2,3,0,10,2645
2,3,0,13,2646
2,2,0,10,2647
2,2,0,9,2648
2,3,0,7,2649
2,3,0,8,2650
2,3,1,20,2651
2,2,1,19,2652
2,2,1,20,2653
2,2,0,8,2654
2,2,0,7,2655
2,3,0,5,2656
2,3,0,6,2657
2,3,1,23,2658
2,3,1,21,2659
2,3,1,19,2660
2,2,1,21,2661
2,2,1,23,2662
2,2,0,6,2663
2,2,0,5,2664
2,3,0,20,2665
2,3,0,21,2666
2,3,1,25,2667
2,3,1,24,2668
2,3,2,41,2669
2,2,2,42,2670
2,2,2,41,2671
2,2,1,24,2672
2,2,1,25,2673
2,2,0,21,2674
2,2,0,20,2675
2,3,0,18,2676
2,3,0,19,2677
2,3,1,27,2678
2,3,1,26,2679
2,3,2,39,2680
2,3,2,40,2681
2,3,2,42,2682
2,2,2,40,2683
2,2,2,39,2684
2,2,1,26,2685
2,2,1,27,2686
2,2,0,19,2687
2,2,0,18,2688
2,3,0,16,2689
2,3,0,17,2690
2,3,1,29,2691
2,3,1,28,2692
2,3,2,37,2693
2,3,2,38,2694
2,3,2,44,2695
2,2,2,43,2696
2,2,2,44,2697
2,2,2,38,2698
2,2,2,37,2699
2,2,1,28,2700
2,2,1,29,2701
2,2,0,17,2702
2,2,0,16,2703
2,3,0,14,2704
2,3,0,15,2705
2,3,1,31,2706
2,3,1,30,2707
2,3,2,35,2708
2,3,2,36,2709
2,3,2,47,2710
2,3,2,46,2711
2,3,2,43,2712
2,2,2,46,2713
2,2,2,47,2714
2,2,2,36,2715
2,2,2,35,2716
2,2,1,30,2717
2,2,1,31,2718
2,2,0,15,2719
2,2,0,14,2720
2,3,0,32,2721
2,3,0,31,2722
2,3,1,33,2723
2,3,1,32,2724
2,3,1,37,2725
2,3,1,36,2726
2,3,2,49,2727
2,3,2,48,2728
2,3,3,50,2729
2,2,3,49,2730
2,2,3,50,2731
2,2,2,48,2732
2,2,2,49,2733
2,2,1,36,2734
2,2,1,37,2735
2,2,1,32,2736
2,2,1,33,2737
2,2,0,31,2738
2,2,0,32,2739
2,3,0,34,2740
2,3,0,33,2741
2,3,1,35,2742
2,3,1,34,2743
2,3,1,39,2744
2,3,1,38,2745
2,3,2,51,2746
2,3,2,50,2747
2,3,3,52,2748
2,3,3,51,2749
2,3,3,49,2750
2,2,3,51,2751
2,2,3,52,2752
2,2,2,50,2753
2,2,2,51,2754
2,2,1,38,2755
2,2,1,39,2756
2,2,1,34,2757
2,2,1,35,2758
2,2,0,33,2759
2,2,0,34,2760
2,3,0,36,2761
2,3,0,35,2762
2,3,0,24,2763
2,3,0,23,2764
2,3,1,41,2765
2,3,1,40,2766
2,3,2,53,2767
2,3,2,52,2768
2,3,3,54,2769
2,3,3,53,2770
2,3,2,66,2771
2,2,1,66,2772
2,2,2,66,2773
2,2,3,53,2774
2,2,3,54,2775
2,2,2,52,2776
2,2,2,53,2777
2,2,1,40,2778
2,2,1,41,2779
2,2,0,23,2780
2,2,0,24,2781
2,2,0,35,2782
2,2,0,36,2783
2,3,0,38,2784
2,3,0,37,2785
2,3,0,26,2786
2,3,0,25,2787
2,3,1,43,2788
2,3,1,42,2789
2,3,2,55,2790
2,3,2,54,2791
2,3,3,57,2792
2,3,3,55,2793
2,3,0,3,2794
2,3,3,66,2795
2,3,1,66,2796
2,2,3,66,2797
2,2,0,3,2798
2,2,3,55,2799
2,2,3,57,2800
2,2,2,54,2801
2,2,2,55,2802
2,2,1,42,2803
2,2,1,43,2804
2,2,0,25,2805
2,2,0,26,2806
2,2,0,37,2807
2,2,0,38,2808
2,3,0,46,2809
2,3,0,47,2810
2,3,0,28,2811
2,3,0,27,2812
2,3,1,51,2813
2,3,1,52,2814
2,3,2,58,2815
2,3,2,57,2816
2,3,3,59,2817
2,3,3,58,2818
2,3,3,3,2819
2,3,3,2,2820
2,3,3,7,2821
2,2,3,6,2822
2,2,3,7,2823
2,2,3,2,2824
2,2,3,3,2825
2,2,3,58,2826
2,2,3,59,2827
2,2,2,57,2828
2,2,2,58,2829
2,2,1,52,2830
2,2,1,51,2831
2,2,0,27,2832
2,2,0,28,2833
2,2,0,47,2834
2,2,0,46,2835
2,3,0,43,2836
2,3,0,44,2837
2,3,0,30,2838
2,3,0,29,2839
2,3,1,49,2840
2,3,1,50,2841
2,3,2,60,2842
2,3,2,59,2843
2,3,3,61,2844
2,3,3,60,2845
2,3,3,5,2846
2,3,3,4,2847
2,3,3,9,2848
2,3,3,8,2849
2,3,3,6,2850
2,2,3,8,2851
2,2,3,9,2852
2,2,3,4,2853
2,2,3,5,2854
2,2,3,60,2855
2,2,3,61,2856
2,2,2,59,2857
2,2,2,60,2858
2,2,1,50,2859
2,2,1,49,2860
2,2,0,29,2861
2,2,0,30,2862
2,2,0,44,2863
2,2,0,43,2864
2,3,0,41,2865
2,3,0,42,2866
2,3,0,57,2867
2,3,0,55,2868
2,3,1,47,2869
2,3,1,48,2870
2,3,2,62,2871
2,3,2,61,2872
2,3,3,63,2873
2,3,3,62,2874
2,3,2,5,2875
2,3,2,4,2876
2,3,3,12,2877
2,3,3,10,2878
2,3,3,16,2879
2,2,3,15,2880
2,2,3,16,2881
2,2,3,10,2882
2,2,3,12,2883
2,2,2,4,2884
2,2,2,5,2885
2,2,3,62,2886
2,2,3,63,2887
2,2,2,61,2888
2,2,2,62,2889
2,2,1,48,2890
2,2,1,47,2891
2,2,0,55,2892
2,2,0,57,2893
2,2,0,42,2894
2,2,0,41,2895
2,3,0,39,2896
2,3,0,40,2897
2,3,0,59,2898
2,3,0,58,2899
2,3,1,44,2900
2,3,1,46,2901
2,3,2,64,2902
2,3,2,63,2903
2,3,3,65,2904
2,3,3,64,2905
2,3,2,7,2906
2,3,2,6,2907
2,3,3,14,2908
2,3,3,13,2909
2,3,3,18,2910
2,3,3,17,2911
2,3,3,15,2912
2,2,3,17,2913
2,2,3,18,2914
2,2,3,13,2915
2,2,3,14,2916
2,2,2,6,2917
2,2,2,7,2918
2,2,3,64,2919
2,2,3,65,2920
2,2,2,63,2921
2,2,2,64,2922
2,2,1,46,2923
2,2,1,44,2924
2,2,0,58,2925
2,2,0,59,2926
2,2,0,40,2927
2,2,0,39,2928
2,3,0,53,2929
2,3,0,54,2930
2,3,0,61,2931
2,3,0,60,2932
2,3,1,54,2933
2,3,1,53,2934
2,3,1,2,2935
2,3,2,65,2936
2,3,2,3,2937
2,3,2,2,2938
2,3,2,9,2939
2,3,2,8,2940
2,3,2,16,2941
2,3,2,15,2942
2,3,3,20,2943
2,3,3,19,2944
2,3,3,25,2945
2,2,3,24,2946
2,2,3,25,2947
2,2,3,19,2948
2,2,3,20,2949
2,2,2,15,2950
2,2,2,16,2951
2,2,2,8,2952
2,2,2,9,2953
2,2,2,2,2954
2,2,2,3,2955
2,2,2,65,2956
2,2,1,2,2957
2,2,1,53,2958
2,2,1,54,2959
2,2,0,60,2960
2,2,0,61,2961
2,2,0,54,2962
2,2,0,53,2963
2,3,0,51,2964
2,3,0,52,2965
2,3,0,63,2966
2,3,0,62,2967
2,3,1,57,2968
2,3,1,55,2969
2,3,1,4,2970
2,3,1,3,2971
2,3,1,12,2972
2,3,1,10,2973
2,3,2,12,2974
2,3,2,10,2975
2,3,2,18,2976
2,3,2,17,2977
2,3,3,23,2978
2,3,3,21,2979
2,3,3,27,2980
2,3,3,26,2981
2,3,3,24,2982
2,2,3,26,2983
2,2,3,27,2984
2,2,3,21,2985
2,2,3,23,2986
2,2,2,17,2987
2,2,2,18,2988
2,2,2,10,2989
2,2,2,12,2990
2,2,1,10,2991
2,2,1,12,2992
2,2,1,3,2993
2,2,1,4,2994
2,2,1,55,2995
2,2,1,57,2996
2,2,0,62,2997
2,2,0,63,2998
2,2,0,52,2999
2,2,0,51,3000
2,3,0,49,3001
2,3,0,50,3002
2,3,0,65,3003
2,3,0,64,3004
2,3,1,59,3005
2,3,1,58,3006
2,3,1,6,3007
2,3,1,5,3008
2,3,1,14,3009
2,3,1,13,3010
2,3,2,14,3011
2,3,2,13,3012
2,3,2,20,3013
2,3,2,19,3014
2,3,2,28,3015
2,3,2,27,3016
2,3,3,29,3017
2,3,3,28,3018
2,3,3,37,3019
2,2,3,36,3020
2,2,3,37,3021
2,2,3,28,3022
2,2,3,29,3023
2,2,2,27,3024
2,2,2,28,3025
2,2,2,19,3026
2,2,2,20,3027
2,2,2,13,3028
2,2,2,14,3029
2,2,1,13,3030
2,2,1,14,3031
2,2,1,5,3032
2,2,1,6,3033
2,2,1,58,3034
2,2,1,59,3035
2,2,0,64,3036
2,2,0,65,3037
2,2,0,50,3038
2,2,0,49,3039
2,3,0,48,3041
2,3,0,4,3042
2,3,0,66,3043
2,3,1,61,3044
2,3,1,60,3045
2,3,1,8,3046
2,3,1,7,3047
2,3,1,63,3048
2,3,1,62,3049
2,3,1,16,3050
2,3,1,15,3051
2,3,2,23,3052
2,3,2,21,3053
2,3,2,30,3054
2,3,2,29,3055
2,3,3,31,3056
2,3,3,30,3057
2,3,3,39,3058
2,3,3,38,3059
2,3,3,36,3060
2,2,3,38,3061
2,2,3,39,3062
2,2,3,30,3063
2,2,3,31,3064
2,2,2,29,3065
2,2,2,30,3066
2,2,2,21,3067
2,2,2,23,3068
2,2,1,15,3069
2,2,1,16,3070
2,2,1,62,3071
2,2,1,63,3072
2,2,1,7,3073
2,2,1,8,3074
2,2,1,60,3075
2,2,1,61,3076
2,2,0,66,3077
2,2,0,4,3078
2,2,0,48,3079
2,3,1,9,3088
2,3,1,65,3089
2,3,1,64,3090
2,3,1,18,3091
2,3,1,17,3092
2,3,2,25,3093
2,3,2,24,3094
2,3,2,32,3095
2,3,2,31,3096
2,3,3,33,3097
2,3,3,32,3098
2,3,3,41,3099
2,3,3,40,3100
2,3,3,46,3101
2,2,3,44,3102
2,2,3,46,3103
2,2,3,40,3104
2,2,3,41,3105
2,2,3,32,3106
2,2,3,33,3107
2,2,2,31,3108
2,2,2,32,3109
2,2,2,24,3110
2,2,2,25,3111
2,2,1,17,3112
2,2,1,18,3113
2,2,1,64,3114
2,2,1,65,3115
2,2,1,9,3116
2,3,2,26,3137
2,3,2,34,3138
2,3,2,33,3139
2,3,3,35,3140
2,3,3,34,3141
2,3,3,43,3142
2,3,3,42,3143
2,3,3,48,3144
2,3,3,47,3145
2,3,3,44,3146
2,2,3,47,3147
2,2,3,48,3148
2,2,3,42,3149
2,2,3,43,3150
2,2,3,34,3151
2,2,3,35,3152
2,2,2,33,3153
2,2,2,34,3154
2,2,2,26,3155
