CoboID,AsadID,AgetID,ChannelID,Siliconface,PadID
10,1,0,0,1,93
10,1,0,1,3,97
10,1,0,2,1,96
10,1,0,3,3,99
10,1,0,4,1,99
10,1,0,5,3,98
10,1,0,6,1,97
10,1,0,7,3,101
10,1,0,8,1,101
10,1,0,9,3,100
10,1,0,10,1,98
10,1,0,12,3,103
10,1,0,13,1,103
10,1,0,14,3,102
10,1,0,15,1,100
10,1,0,16,3,105
10,1,0,17,1,105
10,1,0,18,3,104
10,1,0,19,1,102
10,1,0,20,3,107
10,1,0,21,1,107
10,1,0,23,3,106
10,1,0,24,1,104
10,1,0,25,3,109
10,1,0,26,1,109
10,1,0,27,3,108
10,1,0,28,1,106
10,1,0,29,3,111
10,1,0,30,1,111
10,1,0,31,3,110
10,1,0,32,1,108
10,1,0,33,3,113
10,1,0,34,1,113
10,1,0,35,3,115
10,1,0,36,1,110
10,1,0,37,3,112
10,1,0,38,1,115
10,1,0,39,3,114
10,1,0,40,1,112
10,1,0,41,3,116
10,1,0,42,1,117
10,1,0,43,3,118
10,1,0,44,1,114
10,1,0,46,3,117
10,1,0,47,1,119
10,1,0,48,3,120
10,1,0,49,1,116
10,1,0,50,3,119
10,1,0,51,1,121
10,1,0,52,3,122
10,1,0,53,1,118
10,1,0,54,3,121
10,1,0,55,1,123
10,1,0,57,3,124
10,1,0,58,1,120
10,1,0,59,3,123
10,1,0,60,1,125
10,1,0,61,3,126
10,1,0,62,1,122
10,1,0,63,3,125
10,1,0,64,1,124
10,1,0,65,3,127
10,1,0,66,1,126
10,1,0,67,3,72
10,1,1,0,1,63
10,1,1,1,3,68
10,1,1,2,1,67
10,1,1,3,3,62
10,1,1,4,1,68
10,1,1,5,3,70
10,1,1,6,1,66
10,1,1,7,3,63
10,1,1,8,1,65
10,1,1,9,3,0
10,1,1,10,1,127
10,1,1,12,3,67
10,1,1,13,1,69
10,1,1,14,3,69
10,1,1,15,1,73
10,1,1,16,3,71
10,1,1,17,1,71
10,1,1,18,3,74
10,1,1,19,1,75
10,1,1,20,3,73
10,1,1,21,1,77
10,1,1,23,3,76
10,1,1,24,1,70
10,1,1,25,3,78
10,1,1,26,1,72
10,1,1,27,3,79
10,1,1,28,1,79
10,1,1,29,3,80
10,1,1,30,1,76
10,1,1,31,3,77
10,1,1,32,1,81
10,1,1,33,3,82
10,1,1,34,1,78
10,1,1,35,3,75
10,1,1,36,1,83
10,1,1,37,3,84
10,1,1,38,1,74
10,1,1,39,3,86
10,1,1,40,1,85
10,1,1,41,3,81
10,1,1,42,1,87
10,1,1,43,3,83
10,1,1,44,1,82
10,1,1,46,3,85
10,1,1,47,1,89
10,1,1,48,3,88
10,1,1,49,1,80
10,1,1,50,3,87
10,1,1,51,1,86
10,1,1,52,3,90
10,1,1,53,1,91
10,1,1,54,3,93
10,1,1,55,1,90
10,1,1,57,3,92
10,1,1,58,1,94
10,1,1,59,3,91
10,1,1,60,1,95
10,1,1,61,3,95
10,1,1,62,1,92
10,1,1,63,3,89
10,1,1,64,1,88
10,1,1,65,3,94
10,1,1,66,1,84
10,1,1,67,3,96
10,1,2,0,1,31
10,1,2,1,3,55
10,1,2,2,1,34
10,1,2,3,3,51
10,1,2,4,1,33
10,1,2,5,3,32
10,1,2,6,1,32
10,1,2,7,3,37
10,1,2,8,1,36
10,1,2,9,3,35
10,1,2,10,1,35
10,1,2,12,3,39
10,1,2,13,1,37
10,1,2,14,3,33
10,1,2,15,1,39
10,1,2,16,3,34
10,1,2,17,1,38
10,1,2,18,3,41
10,1,2,19,1,40
10,1,2,20,3,36
10,1,2,21,1,42
10,1,2,23,3,43
10,1,2,24,1,41
10,1,2,25,3,38
10,1,2,26,1,43
10,1,2,27,3,40
10,1,2,28,1,44
10,1,2,29,3,45
10,1,2,30,1,45
10,1,2,31,3,42
10,1,2,32,1,46
10,1,2,33,3,44
10,1,2,34,1,47
10,1,2,35,3,47
10,1,2,36,1,48
10,1,2,37,3,46
10,1,2,38,1,49
10,1,2,39,3,49
10,1,2,40,1,52
10,1,2,41,3,48
10,1,2,42,1,51
10,1,2,43,3,53
10,1,2,44,1,50
10,1,2,46,3,61
10,1,2,47,1,53
10,1,2,48,3,57
10,1,2,49,1,54
10,1,2,50,3,50
10,1,2,51,1,56
10,1,2,52,3,52
10,1,2,53,1,55
10,1,2,54,3,54
10,1,2,55,1,58
10,1,2,57,3,66
10,1,2,58,1,57
10,1,2,59,3,56
10,1,2,60,1,60
10,1,2,61,3,65
10,1,2,62,1,59
10,1,2,63,3,58
10,1,2,64,1,62
10,1,2,65,3,64
10,1,2,66,1,61
10,1,2,67,3,60
10,1,3,0,1,64
10,1,3,1,3,1
10,1,3,2,1,0
10,1,3,3,3,3
10,1,3,4,1,1
10,1,3,5,3,2
10,1,3,6,1,3
10,1,3,7,3,5
10,1,3,8,1,2
10,1,3,9,3,4
10,1,3,10,1,5
10,1,3,12,3,7
10,1,3,13,1,4
10,1,3,14,3,6
10,1,3,15,1,7
10,1,3,16,3,9
10,1,3,17,1,6
10,1,3,18,3,8
10,1,3,19,1,9
10,1,3,20,3,11
10,1,3,21,1,8
10,1,3,23,3,10
10,1,3,24,1,11
10,1,3,25,3,13
10,1,3,26,1,10
10,1,3,27,3,12
10,1,3,28,1,13
10,1,3,29,3,15
10,1,3,30,1,12
10,1,3,31,3,14
10,1,3,32,1,15
10,1,3,33,3,17
10,1,3,34,1,14
10,1,3,35,3,16
10,1,3,36,1,17
10,1,3,37,3,19
10,1,3,38,1,16
10,1,3,39,3,18
10,1,3,40,1,19
10,1,3,41,3,20
10,1,3,42,1,18
10,1,3,43,3,21
10,1,3,44,1,21
10,1,3,46,3,22
10,1,3,47,1,20
10,1,3,48,3,24
10,1,3,49,1,23
10,1,3,50,3,23
10,1,3,51,1,22
10,1,3,52,3,26
10,1,3,53,1,25
10,1,3,54,3,25
10,1,3,55,1,24
10,1,3,57,3,28
10,1,3,58,1,27
10,1,3,59,3,27
10,1,3,60,1,26
10,1,3,61,3,30
10,1,3,62,1,29
10,1,3,63,3,29
10,1,3,64,1,28
10,1,3,65,3,31
10,1,3,66,1,30
10,1,3,67,3,59
10,0,0,0,2,35
10,0,0,1,0,30
10,0,0,2,2,31
10,0,0,3,0,29
10,0,0,4,2,29
10,0,0,5,0,28
10,0,0,6,2,30
10,0,0,7,0,27
10,0,0,8,2,27
10,0,0,9,0,26
10,0,0,10,2,28
10,0,0,12,0,25
10,0,0,13,2,25
10,0,0,14,0,24
10,0,0,15,2,26
10,0,0,16,0,23
10,0,0,17,2,23
10,0,0,18,0,22
10,0,0,19,2,24
10,0,0,20,0,21
10,0,0,21,2,21
10,0,0,23,0,20
10,0,0,24,2,22
10,0,0,25,0,19
10,0,0,26,2,19
10,0,0,27,0,18
10,0,0,28,2,20
10,0,0,29,0,17
10,0,0,30,2,17
10,0,0,31,0,16
10,0,0,32,2,18
10,0,0,33,0,15
10,0,0,34,2,15
10,0,0,35,0,13
10,0,0,36,2,16
10,0,0,37,0,14
10,0,0,38,2,13
10,0,0,39,0,12
10,0,0,40,2,14
10,0,0,41,0,10
10,0,0,42,2,11
10,0,0,43,0,8
10,0,0,44,2,12
10,0,0,46,0,11
10,0,0,47,2,9
10,0,0,48,0,6
10,0,0,49,2,10
10,0,0,50,0,9
10,0,0,51,2,7
10,0,0,52,0,4
10,0,0,53,2,8
10,0,0,54,0,7
10,0,0,55,2,5
10,0,0,57,0,2
10,0,0,58,2,6
10,0,0,59,0,5
10,0,0,60,2,3
10,0,0,61,0,1
10,0,0,62,2,4
10,0,0,63,0,3
10,0,0,64,2,2
10,0,0,65,0,0
10,0,0,66,2,1
10,0,0,67,0,54
10,0,1,0,2,64
10,0,1,1,0,58
10,0,1,2,2,61
10,0,1,3,0,65
10,0,1,4,2,58
10,0,1,5,0,56
10,0,1,6,2,60
10,0,1,7,0,64
10,0,1,8,2,62
10,0,1,9,0,127
10,0,1,10,2,0
10,0,1,12,0,61
10,0,1,13,2,59
10,0,1,14,0,59
10,0,1,15,2,55
10,0,1,16,0,57
10,0,1,17,2,57
10,0,1,18,0,52
10,0,1,19,2,53
10,0,1,20,0,55
10,0,1,21,2,51
10,0,1,23,0,50
10,0,1,24,2,56
10,0,1,25,0,48
10,0,1,26,2,54
10,0,1,27,0,49
10,0,1,28,2,49
10,0,1,29,0,46
10,0,1,30,2,50
10,0,1,31,0,51
10,0,1,32,2,47
10,0,1,33,0,44
10,0,1,34,2,48
10,0,1,35,0,53
10,0,1,36,2,45
10,0,1,37,0,42
10,0,1,38,2,52
10,0,1,39,0,40
10,0,1,40,2,43
10,0,1,41,0,47
10,0,1,42,2,41
10,0,1,43,0,45
10,0,1,44,2,44
10,0,1,46,0,43
10,0,1,47,2,39
10,0,1,48,0,38
10,0,1,49,2,46
10,0,1,50,0,41
10,0,1,51,2,40
10,0,1,52,0,36
10,0,1,53,2,37
10,0,1,54,0,35
10,0,1,55,2,36
10,0,1,57,0,34
10,0,1,58,2,33
10,0,1,59,0,37
10,0,1,60,2,32
10,0,1,61,0,32
10,0,1,62,2,34
10,0,1,63,0,39
10,0,1,64,2,38
10,0,1,65,0,33
10,0,1,66,2,42
10,0,1,67,0,31
10,0,2,0,2,96
10,0,2,1,0,73
10,0,2,2,2,92
10,0,2,3,0,77
10,0,2,4,2,94
10,0,2,5,0,95
10,0,2,6,2,95
10,0,2,7,0,91
10,0,2,8,2,90
10,0,2,9,0,93
10,0,2,10,2,93
10,0,2,12,0,89
10,0,2,13,2,91
10,0,2,14,0,94
10,0,2,15,2,89
10,0,2,16,0,92
10,0,2,17,2,88
10,0,2,18,0,87
10,0,2,19,2,86
10,0,2,20,0,90
10,0,2,21,2,84
10,0,2,23,0,85
10,0,2,24,2,87
10,0,2,25,0,88
10,0,2,26,2,85
10,0,2,27,0,86
10,0,2,28,2,82
10,0,2,29,0,83
10,0,2,30,2,83
10,0,2,31,0,84
10,0,2,32,2,80
10,0,2,33,0,82
10,0,2,34,2,81
10,0,2,35,0,81
10,0,2,36,2,78
10,0,2,37,0,80
10,0,2,38,2,79
10,0,2,39,0,79
10,0,2,40,2,74
10,0,2,41,0,78
10,0,2,42,2,77
10,0,2,43,0,75
10,0,2,44,2,76
10,0,2,46,0,67
10,0,2,47,2,75
10,0,2,48,0,71
10,0,2,49,2,72
10,0,2,50,0,76
10,0,2,51,2,70
10,0,2,52,0,74
10,0,2,53,2,73
10,0,2,54,0,72
10,0,2,55,2,68
10,0,2,57,0,60
10,0,2,58,2,71
10,0,2,59,0,70
10,0,2,60,2,66
10,0,2,61,0,62
10,0,2,62,2,69
10,0,2,63,0,68
10,0,2,64,2,65
10,0,2,65,0,63
10,0,2,66,2,67
10,0,2,67,0,66
10,0,3,0,2,63
10,0,3,1,0,126
10,0,3,2,2,127
10,0,3,3,0,125
10,0,3,4,2,126
10,0,3,5,0,124
10,0,3,6,2,125
10,0,3,7,0,123
10,0,3,8,2,124
10,0,3,9,0,122
10,0,3,10,2,123
10,0,3,12,0,121
10,0,3,13,2,122
10,0,3,14,0,120
10,0,3,15,2,121
10,0,3,16,0,119
10,0,3,17,2,120
10,0,3,18,0,118
10,0,3,19,2,119
10,0,3,20,0,117
10,0,3,21,2,118
10,0,3,23,0,116
10,0,3,24,2,117
10,0,3,25,0,115
10,0,3,26,2,116
10,0,3,27,0,114
10,0,3,28,2,115
10,0,3,29,0,113
10,0,3,30,2,114
10,0,3,31,0,112
10,0,3,32,2,113
10,0,3,33,0,111
10,0,3,34,2,112
10,0,3,35,0,110
10,0,3,36,2,111
10,0,3,37,0,109
10,0,3,38,2,110
10,0,3,39,0,108
10,0,3,40,2,109
10,0,3,41,0,106
10,0,3,42,2,108
10,0,3,43,0,107
10,0,3,44,2,107
10,0,3,46,0,104
10,0,3,47,2,106
10,0,3,48,0,102
10,0,3,49,2,105
10,0,3,50,0,105
10,0,3,51,2,104
10,0,3,52,0,100
10,0,3,53,2,103
10,0,3,54,0,103
10,0,3,55,2,102
10,0,3,57,0,98
10,0,3,58,2,101
10,0,3,59,0,101
10,0,3,60,2,100
10,0,3,61,0,97
10,0,3,62,2,99
10,0,3,63,0,99
10,0,3,64,2,98
10,0,3,65,0,96
10,0,3,66,2,97
10,0,3,67,0,69
